{
  "K_run": 1.1000499999999238,
  "r_mean": 0.6632078130874364,
  "r_std": 0.17316634023603059,
  "f_peak_per_step": 0.056960000000000004
}