{
  "K_run": 1.0959633857320867,
  "r_mean": 0.9314912836199712,
  "r_std": 0.015137927104185565,
  "f_peak_per_step": 0.031312
}