{
  "K_run": 0.13460732385251964,
  "r_mean": 0.8390538649212052,
  "r_std": 0.10062016423816711,
  "f_peak_per_step": 0.04397
}