{
  "K_run": 0.9606732240205242,
  "r_mean": 0.968978658358128,
  "r_std": 2.573838680991558e-06,
  "f_peak_per_step": 0.015066666666666667
}