{
  "K_run": 0.24052455240518447,
  "r_mean": 0.9314096159326919,
  "r_std": 0.015166812792143408,
  "f_peak_per_step": 0.031308888888888886
}