{
  "K_run": 0.8021474999998572,
  "r_mean": 0.9818729794517974,
  "r_std": 2.5535605060553312e-06,
  "f_peak_per_step": 0.013766666666666667
}