{
  "K_run": 0.8513725842776043,
  "r_mean": 0.9778444179834496,
  "r_std": 2.4191787066748554e-06,
  "f_peak_per_step": 0.014116666666666668
}