{
  "K_run": 2.224635760166627,
  "r_mean": 0.5030564406127185,
  "r_std": 0.2354266166346786,
  "f_peak_per_step": 0.0134
}