{
  "K_run": 0.960665852008296,
  "r_mean": 0.9689792458524772,
  "r_std": 2.7460089576913003e-06,
  "f_peak_per_step": 0.014950000000000001
}