{
  "K_run": 0.24052455240516238,
  "r_mean": 0.9314033008621703,
  "r_std": 0.015170172693151318,
  "f_peak_per_step": 0.031308888888888886
}