{
  "K_run": 1.874547983704757,
  "r_mean": 0.47841749830123015,
  "r_std": 0.23093606547995107,
  "f_peak_per_step": 0.04175
}