{
  "K_run": 0.24052455240517442,
  "r_mean": 0.9314189296894636,
  "r_std": 0.01516238895597168,
  "f_peak_per_step": 0.031308888888888886
}