{
  "K_run": 0.8505000000000118,
  "r_mean": 0.9778449567721268,
  "r_std": 2.8995535906326122e-06,
  "f_peak_per_step": 0.0142
}