{
  "K_run": 1.1339664396441884,
  "r_mean": 0.9304588283577946,
  "r_std": 0.015653508206403984,
  "f_peak_per_step": 0.031316
}