{
  "K_run": 0.7512382382381124,
  "r_mean": 0.9861574807538065,
  "r_std": 2.947512166714062e-06,
  "f_peak_per_step": 0.013083333333333334
}