{
  "K_run": 0.8754999999999014,
  "r_mean": 0.9757847921329726,
  "r_std": 2.9986409050909036e-06,
  "f_peak_per_step": 0.014383333333333335
}