{
  "K_run": 0.8233356787553121,
  "r_mean": 0.9801111431324762,
  "r_std": 3.3222146652358333e-06,
  "f_peak_per_step": 0.013983333333333334
}