{
  "K_run": 0.8029974999999443,
  "r_mean": 0.9818020102484121,
  "r_std": 2.3751374600764014e-06,
  "f_peak_per_step": 0.013733333333333334
}