{
  "K_run": 0.8021325764064653,
  "r_mean": 0.9818742340811429,
  "r_std": 2.2993746856106315e-06,
  "f_peak_per_step": 0.013800000000000002
}