{
  "K_run": 0.24052455240517365,
  "r_mean": 0.9314145566892971,
  "r_std": 0.01516434152364875,
  "f_peak_per_step": 0.031308888888888886
}