{
  "K_run": 0.960670147499894,
  "r_mean": 0.9689786695949872,
  "r_std": 2.9919680425525596e-06,
  "f_peak_per_step": 0.014916666666666667
}