{
  "K_run": 1.281333475506697,
  "r_mean": 0.6770591694482975,
  "r_std": 0.1733635047577691,
  "f_peak_per_step": 0.06212000000000001
}