{
  "K_run": 0.8511871138896883,
  "r_mean": 0.9778444514641745,
  "r_std": 2.8650998821361213e-06,
  "f_peak_per_step": 0.014183333333333334
}