{
  "K_run": 0.9605949999998096,
  "r_mean": 0.9689844776372661,
  "r_std": 2.816482376802395e-06,
  "f_peak_per_step": 0.014833333333333334
}