{
  "K_run": 3.455780568904278,
  "r_mean": 0.83196614969151,
  "r_std": 0.13175477835402136,
  "f_peak_per_step": 0.02425
}