{
  "K_run": 0.9511808186272858,
  "r_mean": 0.968984594675401,
  "r_std": 2.927496610988919e-06,
  "f_peak_per_step": 0.014820000000000002
}