{
  "K_run": 1.1000500000000202,
  "r_mean": 0.6600827370443707,
  "r_std": 0.16988285739433173,
  "f_peak_per_step": 0.057
}