{
  "K_run": 0.9629999999998557,
  "r_mean": 0.968798407090223,
  "r_std": 2.6135123239028257e-06,
  "f_peak_per_step": 0.0149
}