{
  "K_run": 0.8122524999997651,
  "r_mean": 0.9810290950240834,
  "r_std": 2.9335553218603104e-06,
  "f_peak_per_step": 0.013883333333333334
}