{
  "K_run": 0.925499999999716,
  "r_mean": 0.9717423755101099,
  "r_std": 2.63021804441777e-06,
  "f_peak_per_step": 0.014666666666666668
}