{
  "K_run": 4.451947311836207,
  "r_mean": 0.5936451318457926,
  "r_std": 0.22563022006469402,
  "f_peak_per_step": 0.0004
}