{
  "K_run": 0.24052455240517376,
  "r_mean": 0.9314249539891103,
  "r_std": 0.015159031237028688,
  "f_peak_per_step": 0.031308888888888886
}