{
  "K_run": 1.450243053572928,
  "r_mean": 0.666893791049414,
  "r_std": 0.17435008285228704,
  "f_peak_per_step": 0.06322
}