{
  "K_run": 0.990094,
  "r_mean": 0.9428950518087255,
  "r_std": 1.1234856433714445e-06,
  "f_peak_per_step": 0.0196
}