{
  "K_run": 1.569750000001819,
  "r_mean": 0.4743439477513015,
  "r_std": 0.0030793364930109496,
  "f_peak_per_step": 0.0564375
}