{
  "K_run": 0.7724664808059284,
  "r_mean": 0.9861069138624774,
  "r_std": 7.10925927887015e-05,
  "f_peak_per_step": 0.013275
}