{
  "K_run": 0.8232759703280306,
  "r_mean": 0.9801111531795786,
  "r_std": 2.794380144744819e-06,
  "f_peak_per_step": 0.013983333333333334
}