{
  "K_run": 2.495661071391353,
  "r_mean": 0.4810815968241293,
  "r_std": 0.22880844282979984,
  "f_peak_per_step": 0.01332
}