{
  "K_run": 2.4988511272773573,
  "r_mean": 0.47927511170170195,
  "r_std": 0.22841475739597408,
  "f_peak_per_step": 0.01387
}