{
  "K_run": 1.1344947499998839,
  "r_mean": 0.9304837183174708,
  "r_std": 0.015641263238659917,
  "f_peak_per_step": 0.03132
}