{
  "K_run": 1.51581904652309,
  "r_mean": 0.6178720798031644,
  "r_std": 0.18586226154599386,
  "f_peak_per_step": 0.06199
}