{
  "K_run": 1.7248539766651174,
  "r_mean": 0.5115066557845984,
  "r_std": 0.24401540568864902,
  "f_peak_per_step": 0.0001
}