{
  "K_run": 1.2094214136497825,
  "r_mean": 0.7652093696321101,
  "r_std": 0.12641202219633352,
  "f_peak_per_step": 0.013930000000000001
}