{
  "K_run": 0.7864728141736171,
  "r_mean": 0.9834483136495414,
  "r_std": 2.749167903707156e-06,
  "f_peak_per_step": 0.013483333333333333
}