{
  "K_run": 1.8754256987070532,
  "r_mean": 0.4820474717590035,
  "r_std": 0.23254379404675282,
  "f_peak_per_step": 0.0109
}