{
  "K_run": 0.8086279614628475,
  "r_mean": 0.9813841115307981,
  "r_std": 3.0568050931582997e-06,
  "f_peak_per_step": 0.013800000000000002
}