{
  "K_run": 0.8064600001309558,
  "r_mean": 0.9815125007445986,
  "r_std": 2.7079151794681353e-06,
  "f_peak_per_step": 0.013550000000000001
}