{
  "K_run": 1.201141751313337,
  "r_mean": 0.764080795790563,
  "r_std": 0.12665083398412466,
  "f_peak_per_step": 0.013890000000000001
}