{
  "K_run": 0.8504999999998524,
  "r_mean": 0.9778449872459283,
  "r_std": 2.895292512611496e-06,
  "f_peak_per_step": 0.0142
}