{
  "K_run": 2.35557500000054,
  "r_mean": 0.6466049407164481,
  "r_std": 0.17313144175505557,
  "f_peak_per_step": 0.06448333333333334
}