{
  "K_run": 1.779802758571513,
  "r_mean": 0.5125056063483826,
  "r_std": 0.2408578802400895,
  "f_peak_per_step": 0.049370000000000004
}