{
  "K_run": 0.8519790040430215,
  "r_mean": 0.9778443130164272,
  "r_std": 2.9930240082517e-06,
  "f_peak_per_step": 0.014233333333333334
}