{
  "K_run": 0.7862920544198503,
  "r_mean": 0.9834711989075371,
  "r_std": 4.006975976738854e-06,
  "f_peak_per_step": 0.013516666666666668
}