{
  "K_run": 0.24052455240516865,
  "r_mean": 0.9314195291243902,
  "r_std": 0.015162091592582291,
  "f_peak_per_step": 0.031308888888888886
}