{
  "K_run": 0.7767598835089274,
  "r_mean": 0.9834795221777842,
  "r_std": 2.6812933182387025e-06,
  "f_peak_per_step": 0.013433333333333334
}