{
  "K_run": 0.971487814383127,
  "r_mean": 0.9689845931867184,
  "r_std": 2.5783272212859138e-06,
  "f_peak_per_step": 0.014920000000000001
}