{
  "K_run": 0.24052455240516832,
  "r_mean": 0.9314292848621276,
  "r_std": 0.015157001684793541,
  "f_peak_per_step": 0.031308888888888886
}