{
  "K_run": 0.7504874999998419,
  "r_mean": 0.9861574832542949,
  "r_std": 2.237065491749166e-06,
  "f_peak_per_step": 0.013083333333333334
}