{
  "K_run": 0.8065249999997363,
  "r_mean": 0.981506373830086,
  "r_std": 3.2815101325491964e-06,
  "f_peak_per_step": 0.013516666666666668
}