{
  "K_run": 0.24052455240520945,
  "r_mean": 0.7606130687574569,
  "r_std": 0.12743385935681298,
  "f_peak_per_step": 0.013442222222222222
}