{
  "K_run": 0.8027499999998583,
  "r_mean": 0.98182270459409,
  "r_std": 2.740929027048816e-06,
  "f_peak_per_step": 0.013683333333333334
}