{
  "K_run": 0.9606023335542613,
  "r_mean": 0.9689840887335106,
  "r_std": 2.662274657672034e-06,
  "f_peak_per_step": 0.014950000000000001
}