{
  "K_run": 0.805499999999789,
  "r_mean": 0.9815932222856898,
  "r_std": 2.5545904871212616e-06,
  "f_peak_per_step": 0.013800000000000002
}