{
  "K_run": 0.7709708731762641,
  "r_mean": 0.9861428502306469,
  "r_std": 1.375724615863003e-05,
  "f_peak_per_step": 0.03183333333333333
}