{
  "K_run": 1.1000499999998594,
  "r_mean": 0.7487820526787627,
  "r_std": 0.1304335197531856,
  "f_peak_per_step": 0.013620000000000002
}