{
  "K_run": 1.876435772679188,
  "r_mean": 0.45947830328423517,
  "r_std": 0.22922432530552364,
  "f_peak_per_step": 0.0425
}