{
  "K_run": 0.7727669638964062,
  "r_mean": 0.9860909712238536,
  "r_std": 7.768296909804311e-05,
  "f_peak_per_step": 0.031875
}