{
  "K_run": 0.9279389198010598,
  "r_mean": 0.6242302534126886,
  "r_std": 0.0893151755810923,
  "f_peak_per_step": 0.0356
}