{
  "K_run": 1.1281651431232043,
  "r_mean": 0.9309788088489263,
  "r_std": 0.015425147875089515,
  "f_peak_per_step": 0.031240000000000004
}