{
  "K_run": 0.7694696723451449,
  "r_mean": 0.9861547631113805,
  "r_std": 6.407973344141975e-06,
  "f_peak_per_step": 0.0159
}