{
  "K_run": 0.7504874999999558,
  "r_mean": 0.9861574822526221,
  "r_std": 3.0034312853657033e-06,
  "f_peak_per_step": 0.013083333333333334
}