{
  "K_run": 1.1332554097427192,
  "r_mean": 0.9308263972863181,
  "r_std": 0.015510911967110767,
  "f_peak_per_step": 0.0313
}