{
  "K_run": 0.7730074435684694,
  "r_mean": 0.9860778255702178,
  "r_std": 8.29934879702411e-05,
  "f_peak_per_step": 0.031875
}