{
  "K_run": 0.802131286124266,
  "r_mean": 0.9818743992714227,
  "r_std": 2.8545950551657285e-06,
  "f_peak_per_step": 0.013733333333333334
}