{
  "K_run": 2.48226885659056,
  "r_mean": 0.4869500076922694,
  "r_std": 0.2331810507132605,
  "f_peak_per_step": 0.0151
}