{
  "K_run": 0.8034999999997972,
  "r_mean": 0.9817600572883216,
  "r_std": 3.219180115626851e-06,
  "f_peak_per_step": 0.013766666666666667
}