{
  "K_run": 0.8505813087405509,
  "r_mean": 0.977844557834385,
  "r_std": 3.355151391194225e-06,
  "f_peak_per_step": 0.014166666666666668
}