{
  "K_run": 0.7859327521408844,
  "r_mean": 0.9835828838930303,
  "r_std": 2.5433068154374994e-06,
  "f_peak_per_step": 0.013433333333333334
}