{
  "K_run": 0.9605900044668523,
  "r_mean": 0.9689858330563272,
  "r_std": 2.5758767785028437e-06,
  "f_peak_per_step": 0.01485
}