{
  "K_run": 5.093898134453601,
  "r_mean": 0.484553233733273,
  "r_std": 0.2213262696650869,
  "f_peak_per_step": 0.043750000000000004
}