{
  "K_run": 0.9605995937812961,
  "r_mean": 0.9689844791383327,
  "r_std": 2.862680489182615e-06,
  "f_peak_per_step": 0.015000000000000001
}