{
  "K_run": 0.9605934999999706,
  "r_mean": 0.9689845950294469,
  "r_std": 2.6860747357963007e-06,
  "f_peak_per_step": 0.014980000000000002
}