{
  "K_run": 1.1000499999995703,
  "r_mean": 0.6584423456617102,
  "r_std": 0.1730698379615772,
  "f_peak_per_step": 0.0585
}