{
  "K_run": 2.1185175000005336,
  "r_mean": 0.6519040201253913,
  "r_std": 0.1731040750328855,
  "f_peak_per_step": 0.06348333333333334
}