{
  "K_run": 0.850499999999879,
  "r_mean": 0.977846395022466,
  "r_std": 2.5806329205807596e-06,
  "f_peak_per_step": 0.014150000000000001
}