{
  "K_run": 1.133850887168655,
  "r_mean": 0.9304613799465976,
  "r_std": 0.015652501539389692,
  "f_peak_per_step": 0.03132
}