{
  "K_run": 0.8065999999997938,
  "r_mean": 0.9814999824490394,
  "r_std": 2.456157689111778e-06,
  "f_peak_per_step": 0.013583333333333334
}