{
  "K_run": 0.24052455240521467,
  "r_mean": 0.9314008722640021,
  "r_std": 0.015171567127881739,
  "f_peak_per_step": 0.031308888888888886
}