{
  "K_run": 0.990093682,
  "r_mean": 0.9428950540197819,
  "r_std": 1.2200295766157795e-06,
  "f_peak_per_step": 0.021
}