{
  "K_run": 1.1829454233466976,
  "r_mean": 0.761366697949559,
  "r_std": 0.1271913431527538,
  "f_peak_per_step": 0.013750000000000002
}