{
  "K_run": 0.850499999999826,
  "r_mean": 0.9778450955155175,
  "r_std": 2.7689114873607777e-06,
  "f_peak_per_step": 0.014166666666666668
}