{
  "K_run": 1.1820509110393809,
  "r_mean": 0.6477254132522003,
  "r_std": 0.1733326093442376,
  "f_peak_per_step": 0.06158
}