{
  "K_run": 0.752999999999952,
  "r_mean": 0.986156462858096,
  "r_std": 2.6401601802397892e-06,
  "f_peak_per_step": 0.0131
}