{
  "K_run": 1.8754256987072513,
  "r_mean": 0.46708242293044633,
  "r_std": 0.23018527065938685,
  "f_peak_per_step": 0.04075
}