{
  "K_run": 0.8039999999998335,
  "r_mean": 0.9817183109535992,
  "r_std": 3.5532874151109026e-06,
  "f_peak_per_step": 0.013783333333333333
}