{
  "K_run": 0.8095000000000119,
  "r_mean": 0.9812589968282666,
  "r_std": 2.7443800741130605e-06,
  "f_peak_per_step": 0.013800000000000002
}