{
  "K_run": 0.8032499999997844,
  "r_mean": 0.9817809306365853,
  "r_std": 3.0144899719002e-06,
  "f_peak_per_step": 0.013800000000000002
}