{
  "K_run": 1.1854964946271378,
  "r_mean": 0.6477398557815142,
  "r_std": 0.173332400411549,
  "f_peak_per_step": 0.06157000000000001
}