{
  "K_run": 0.24052455240519025,
  "r_mean": 0.9313937136645974,
  "r_std": 0.015174796570020535,
  "f_peak_per_step": 0.031308888888888886
}