{
  "K_run": 0.9605249999998879,
  "r_mean": 0.9689899020063177,
  "r_std": 3.0306242478050267e-06,
  "f_peak_per_step": 0.014833333333333334
}