{
  "K_run": 0.9614643589062113,
  "r_mean": 0.968991684102803,
  "r_std": 2.7558055235069155e-06,
  "f_peak_per_step": 0.0149
}