{
  "K_run": 0.7728871933750711,
  "r_mean": 0.9860857064413687,
  "r_std": 8.097640485290506e-05,
  "f_peak_per_step": 0.031875
}