{
  "K_run": 0.8069367765873107,
  "r_mean": 0.9815061670360999,
  "r_std": 2.9932533968077524e-06,
  "f_peak_per_step": 0.013550000000000001
}