{
  "K_run": 0.24052455240513318,
  "r_mean": 0.9314117076724501,
  "r_std": 0.015166031802124308,
  "f_peak_per_step": 0.031308888888888886
}