{
  "K_run": 1.4704785458334821,
  "r_mean": 0.6599242115478148,
  "r_std": 0.17406918364284155,
  "f_peak_per_step": 0.06674000000000001
}