{
  "K_run": 0.9254999999998399,
  "r_mean": 0.9717413087095763,
  "r_std": 2.507917002790626e-06,
  "f_peak_per_step": 0.0146
}