{
  "K_run": 0.24052455240521362,
  "r_mean": 0.652342010944082,
  "r_std": 0.1734317884243759,
  "f_peak_per_step": 0.06000888888888888
}