{
  "K_run": 3.4123148277396798,
  "r_mean": 0.8376071980329461,
  "r_std": 0.12980202473586905,
  "f_peak_per_step": 0.024093333333333335
}