{
  "K_run": 0.7719859769885834,
  "r_mean": 0.9861221525806219,
  "r_std": 6.585529910950924e-05,
  "f_peak_per_step": 0.013250000000000001
}