{
  "K_run": 0.9605949999998626,
  "r_mean": 0.9689844815880546,
  "r_std": 2.6765902815273946e-06,
  "f_peak_per_step": 0.014916666666666667
}