eigenvalue_index,real,imag,abs
1,1.0000000000000004,0.0,1.0000000000000004
2,0.6092916002494063,0.0,0.6092916002494063
3,0.6092916002494076,0.0,0.6092916002494076
