{
  "K_run": 0.8505691974353793,
  "r_mean": 0.9778445614458364,
  "r_std": 2.5047671017515746e-06,
  "f_peak_per_step": 0.014100000000000001
}