{
  "K_run": 3.6993043895118776,
  "r_mean": 0.4951979322457012,
  "r_std": 0.23032673401750492,
  "f_peak_per_step": 0.06479166666666666
}