{
  "K_run": 0.9615917695672138,
  "r_mean": 0.9689916633972904,
  "r_std": 2.850970652321354e-06,
  "f_peak_per_step": 0.014783333333333334
}