{
  "K_run": 1.094737970228475,
  "r_mean": 0.9314920683072898,
  "r_std": 0.0151376214377281,
  "f_peak_per_step": 0.031312
}