{
  "K_run": 0.7694702727605869,
  "r_mean": 0.986154414120235,
  "r_std": 6.853514134471025e-06,
  "f_peak_per_step": 0.0159
}