{
  "K_run": 4.68367300837869,
  "r_mean": 0.490215291682356,
  "r_std": 0.22800532067408874,
  "f_peak_per_step": 0.0012000000000000001
}