{
  "K_run": 1.5959791170198143,
  "r_mean": 0.5149630922208345,
  "r_std": 0.24564717743078351,
  "f_peak_per_step": 0.04496000000000001
}