{
  "K_run": 0.8513204541610411,
  "r_mean": 0.977844427642293,
  "r_std": 2.9791399150958003e-06,
  "f_peak_per_step": 0.014216666666666667
}