{
  "K_run": 0.8069999999999056,
  "r_mean": 0.9814678245033247,
  "r_std": 2.3437461979770003e-06,
  "f_peak_per_step": 0.013833333333333335
}