{
  "K_run": 0.8083909398799121,
  "r_mean": 0.9813841535810679,
  "r_std": 2.9923938297907627e-06,
  "f_peak_per_step": 0.013833333333333335
}