{
  "K_run": 0.2405245524051888,
  "r_mean": 0.9314234702461162,
  "r_std": 0.015160167810532402,
  "f_peak_per_step": 0.031308888888888886
}