{
  "K_run": 0.7694708731762641,
  "r_mean": 0.9861549916991347,
  "r_std": 6.6817478694938065e-06,
  "f_peak_per_step": 0.013233333333333335
}