{
  "K_run": 1.2072396630339333,
  "r_mean": 0.7648487174610469,
  "r_std": 0.12666910150255922,
  "f_peak_per_step": 0.01391
}