{
  "K_run": 0.806443939107026,
  "r_mean": 0.9815145861911553,
  "r_std": 3.097530363320458e-06,
  "f_peak_per_step": 0.013566666666666668
}