{
  "K_run": 1.0959633324971916,
  "r_mean": 0.6481080704558293,
  "r_std": 0.17334055064618328,
  "f_peak_per_step": 0.061099999999999995
}