{
  "K_run": 0.99,
  "r_mean": 0.9428950518095451,
  "r_std": 1.17391937193387e-06,
  "f_peak_per_step": 0.020033333333333334
}