{
  "K_run": 0.7861441228888173,
  "r_mean": 0.9834899256560822,
  "r_std": 2.6138964812594563e-06,
  "f_peak_per_step": 0.013516666666666668
}