{
  "K_run": 1.0981072929360856,
  "r_mean": 0.9304720869247262,
  "r_std": 0.015647145739311183,
  "f_peak_per_step": 0.031316
}