{
  "K_run": 0.7691249999998798,
  "r_mean": 0.9846214500734065,
  "r_std": 2.9223194692111308e-06,
  "f_peak_per_step": 0.013216666666666666
}