{
  "K_run": 1.1344999999994096,
  "r_mean": 0.9304808748094971,
  "r_std": 0.015642728134225813,
  "f_peak_per_step": 0.03132
}