{
  "K_run": 0.9629999999998202,
  "r_mean": 0.9687991113896044,
  "r_std": 2.4681122374845955e-06,
  "f_peak_per_step": 0.014950000000000001
}