{
  "K_run": 0.8127499999997887,
  "r_mean": 0.9809875826766769,
  "r_std": 2.498836779910563e-06,
  "f_peak_per_step": 0.013866666666666668
}