{
  "K_run": 0.8182597876513746,
  "r_mean": 0.9805283743436402,
  "r_std": 2.9359864657012872e-06,
  "f_peak_per_step": 0.013866666666666668
}