{
  "K_run": 0.8027774999999837,
  "r_mean": 0.9818203794271375,
  "r_std": 3.049456712869989e-06,
  "f_peak_per_step": 0.01375
}