{
  "K_run": 0.8021624999999255,
  "r_mean": 0.9818717287749646,
  "r_std": 2.8164096770411765e-06,
  "f_peak_per_step": 0.01375
}