{
  "K_run": 0.8021309635531498,
  "r_mean": 0.9818744412844765,
  "r_std": 2.1948134995311406e-06,
  "f_peak_per_step": 0.013800000000000002
}