{
  "K_run": 1.1322342112262962,
  "r_mean": 0.93045869459814,
  "r_std": 0.015653585638980713,
  "f_peak_per_step": 0.031324
}