{
  "K_run": 0.8021116089990937,
  "r_mean": 0.9818769422002851,
  "r_std": 2.349679340886431e-06,
  "f_peak_per_step": 0.013850000000000001
}