{
  "K_run": 1.977010187368894,
  "r_mean": 0.5073687625019608,
  "r_std": 0.24213398375681022,
  "f_peak_per_step": 0.04746
}