{
  "K_run": 1.8699931905915528,
  "r_mean": 0.484466023115335,
  "r_std": 0.23221350282482411,
  "f_peak_per_step": 0.0441
}