{
  "K_run": 1.1344936403784882,
  "r_mean": 0.9304843918508812,
  "r_std": 0.01564092563759226,
  "f_peak_per_step": 0.03132
}