{
  "K_run": 1.201141751313337,
  "r_mean": 0.6479625678636673,
  "r_std": 0.17337899311086893,
  "f_peak_per_step": 0.062400000000000004
}