{
  "K_run": 0.24052455240527118,
  "r_mean": 0.931406502570736,
  "r_std": 0.015168635338547558,
  "f_peak_per_step": 0.031308888888888886
}