{
  "K_run": 0.24052455240518086,
  "r_mean": 0.9314019964092056,
  "r_std": 0.015170901258519989,
  "f_peak_per_step": 0.031308888888888886
}