{
  "K_run": 0.9605931330880988,
  "r_mean": 0.9689846713925898,
  "r_std": 2.995155860058412e-06,
  "f_peak_per_step": 0.014883333333333333
}