{
  "K_run": 0.960143499999844,
  "r_mean": 0.9689845919581491,
  "r_std": 2.5613385060863263e-06,
  "f_peak_per_step": 0.01485
}