{
  "K_run": 1.1000499999998274,
  "r_mean": 0.6588777727844064,
  "r_std": 0.1730791580593499,
  "f_peak_per_step": 0.05836
}