{
  "K_run": 1.1831348975623064,
  "r_mean": 0.7613954179854192,
  "r_std": 0.12718688667663805,
  "f_peak_per_step": 0.013770000000000001
}