{
  "K_run": 1.7343680835434763,
  "r_mean": 0.5047829914616254,
  "r_std": 0.24080921593122553,
  "f_peak_per_step": 0.04617
}