{
  "K_run": 1.8306797155551406,
  "r_mean": 0.502556759286816,
  "r_std": 0.2400050014621368,
  "f_peak_per_step": 0.050080000000000006
}