{
  "K_run": 1.0893890135015327,
  "r_mean": 0.6525427406357004,
  "r_std": 0.17342680660483573,
  "f_peak_per_step": 0.059963999999999996
}