{
  "K_run": 0.7728270760463695,
  "r_mean": 0.9860902990829628,
  "r_std": 7.897871537562883e-05,
  "f_peak_per_step": 0.031875
}