{
  "K_run": 1.1329264907302405,
  "r_mean": 0.9304579768716429,
  "r_std": 0.015655407152179782,
  "f_peak_per_step": 0.03132
}