{
  "K_run": 0.9606706785434902,
  "r_mean": 0.9689786602771499,
  "r_std": 2.708905741501903e-06,
  "f_peak_per_step": 0.014933333333333333
}