{
  "K_run": 0.8023124999999356,
  "r_mean": 0.9818592003418698,
  "r_std": 2.4231785153069635e-06,
  "f_peak_per_step": 0.013800000000000002
}