{
  "K_run": 0.7953993328458254,
  "r_mean": 0.9827402477784936,
  "r_std": 3.0779481467031663e-06,
  "f_peak_per_step": 0.013683333333333334
}