{
  "K_run": 1.2063876847736055,
  "r_mean": 0.7647328123233661,
  "r_std": 0.12670166435246527,
  "f_peak_per_step": 0.01391
}