{
  "K_run": 0.8021874999999381,
  "r_mean": 0.9818696412843188,
  "r_std": 3.5200033417307564e-06,
  "f_peak_per_step": 0.013783333333333333
}