{
  "K_run": 1.8917704004788396,
  "r_mean": 0.4615883003788143,
  "r_std": 0.22781051035979244,
  "f_peak_per_step": 0.0444
}