{
  "K_run": 3.473319060858078,
  "r_mean": 0.8467086309121117,
  "r_std": 0.12626993757439428,
  "f_peak_per_step": 0.0245
}