{
  "K_run": 0.8509447353806714,
  "r_mean": 0.977844493609783,
  "r_std": 3.1947140156491154e-06,
  "f_peak_per_step": 0.014166666666666668
}