{
  "K_run": 0.9605729901282005,
  "r_mean": 0.9689918268448418,
  "r_std": 2.4959815778644237e-06,
  "f_peak_per_step": 0.014766666666666668
}