{
  "K_run": 0.24052455240520818,
  "r_mean": 0.7606188824239752,
  "r_std": 0.12743711208468642,
  "f_peak_per_step": 0.013442222222222222
}