{
  "K_run": 0.7694684715156248,
  "r_mean": 0.9861543372512489,
  "r_std": 6.846941485563389e-06,
  "f_peak_per_step": 0.013250000000000001
}