{
  "K_run": 0.2405245524052075,
  "r_mean": 0.9314077499316967,
  "r_std": 0.015168015594758794,
  "f_peak_per_step": 0.031308888888888886
}