{
  "K_run": 0.8065249999998155,
  "r_mean": 0.9815062702285827,
  "r_std": 3.019706975375943e-06,
  "f_peak_per_step": 0.013533333333333335
}