{
  "K_run": 0.24052455240514645,
  "r_mean": 0.9314131136156738,
  "r_std": 0.01516500952207619,
  "f_peak_per_step": 0.031308888888888886
}