{
  "K_run": 3.4733703098633515,
  "r_mean": 0.8467371056276652,
  "r_std": 0.12626032525725764,
  "f_peak_per_step": 0.0245
}