{
  "pair1": 1,
  "K1": 0.43904750590643743,
  "pair2": 3,
  "K2": 0.9375000000000389,
  "dK": 0.49845249409360143
}