{
  "K_run": 0.24052455240513562,
  "r_mean": 0.760618554554953,
  "r_std": 0.1274372237043906,
  "f_peak_per_step": 0.013442222222222222
}