{
  "K_run": 4.8845785713404,
  "r_mean": 0.6137333201451523,
  "r_std": 0.09208873824878151,
  "f_peak_per_step": 0.06435
}