{
  "K_run": 0.24052455240514628,
  "r_mean": 0.9314105014642714,
  "r_std": 0.015166635910540493,
  "f_peak_per_step": 0.031308888888888886
}