{
  "K_run": 1.77958058766767,
  "r_mean": 0.5071485052262144,
  "r_std": 0.24086986173684247,
  "f_peak_per_step": 0.048650000000000006
}