{
  "K_run": 1.1341976859864353,
  "r_mean": 0.9304612679975486,
  "r_std": 0.01565274098609365,
  "f_peak_per_step": 0.03132
}