{
  "K_run": 6.212820514378873,
  "r_mean": 0.3795165270132328,
  "r_std": 0.20747184440109673,
  "f_peak_per_step": 0.013300000000000001
}