{
  "K_run": 1.1344974999994897,
  "r_mean": 0.9304831188762316,
  "r_std": 0.01564152393232868,
  "f_peak_per_step": 0.03132
}