{
  "K_run": 1.0971088467090302,
  "r_mean": 0.9310926134050481,
  "r_std": 0.015356104440636559,
  "f_peak_per_step": 0.031312
}