{
  "K_run": 0.24052455240518947,
  "r_mean": 0.9313981655458485,
  "r_std": 0.015172891033312175,
  "f_peak_per_step": 0.031308888888888886
}