{
  "K_run": 0.7719787719521148,
  "r_mean": 0.9861231717210279,
  "r_std": 6.709525709093058e-05,
  "f_peak_per_step": 0.013250000000000001
}