{
  "K_run": 1.6424173873737855,
  "r_mean": 0.49056510507449747,
  "r_std": 0.22636818107382692,
  "f_peak_per_step": 5e-05
}