{
  "K_run": 1.58687213422675,
  "r_mean": 0.5251998773620146,
  "r_std": 0.2487918249820783,
  "f_peak_per_step": 8e-05
}