{
  "K_run": 0.8120192723752615,
  "r_mean": 0.9810501741522961,
  "r_std": 2.6772284761846493e-06,
  "f_peak_per_step": 0.013883333333333334
}