{
  "K_run": 0.8216677050446564,
  "r_mean": 0.9803195731824285,
  "r_std": 2.428614870168994e-06,
  "f_peak_per_step": 0.013933333333333334
}