{
  "K_run": 0.12354942124999642,
  "r_mean": 0.9685985412171788,
  "r_std": 8.828505371908761e-07,
  "f_peak_per_step": 0.042080000000000006
}