{
  "K_run": 1.2082744656980717,
  "r_mean": 0.7650464964139118,
  "r_std": 0.12655904987457356,
  "f_peak_per_step": 0.013920000000000002
}