{
  "K_run": 1.1332729598088196,
  "r_mean": 0.9304603398939268,
  "r_std": 0.015652740654354194,
  "f_peak_per_step": 0.031316
}