{
  "K_run": 0.24052455240510226,
  "r_mean": 0.6479026845072531,
  "r_std": 0.1733446854075202,
  "f_peak_per_step": 0.06113999999999999
}