{
  "K_run": 0.8232499999998271,
  "r_mean": 0.9801111593269366,
  "r_std": 2.7991004528909355e-06,
  "f_peak_per_step": 0.013900000000000001
}