{
  "K_run": 6.212820514355745,
  "r_mean": 0.3775801932814899,
  "r_std": 0.2051112518451571,
  "f_peak_per_step": 0.011600000000000001
}