{
  "K_run": 0.9700993762374065,
  "r_mean": 0.968984596565981,
  "r_std": 2.919844709537431e-06,
  "f_peak_per_step": 0.014870000000000001
}