{
  "K_run": 2.5045504566834444,
  "r_mean": 0.47811831537294786,
  "r_std": 0.23030181265138933,
  "f_peak_per_step": 0.01378
}