{
  "K_run": 0.7529999999997862,
  "r_mean": 0.9861564807880999,
  "r_std": 3.054240698015559e-06,
  "f_peak_per_step": 0.013075
}