{
  "K_run": 0.13492449089175104,
  "r_mean": 0.8090868228471378,
  "r_std": 0.12335027677190781,
  "f_peak_per_step": 0.042370000000000005
}