{
  "K_run": 0.24052455240519652,
  "r_mean": 0.9314284404932788,
  "r_std": 0.015157673220266357,
  "f_peak_per_step": 0.031308888888888886
}