{
  "K_run": 0.9606701474999737,
  "r_mean": 0.9689786733680268,
  "r_std": 2.6637787681668772e-06,
  "f_peak_per_step": 0.015000000000000001
}