{
  "K_run": 1.7523182202602052,
  "r_mean": 0.5109926457311789,
  "r_std": 0.24261667456092753,
  "f_peak_per_step": 0.045610000000000005
}