{
  "K_run": 0.9629999999999797,
  "r_mean": 0.6915581155711534,
  "r_std": 0.1721729701982087,
  "f_peak_per_step": 0.045533333333333335
}