{
  "K_run": 0.9605499999997613,
  "r_mean": 0.9689879660914585,
  "r_std": 2.771890131967469e-06,
  "f_peak_per_step": 0.014983333333333335
}