{
  "K_run": 1.1341563146333427,
  "r_mean": 0.9308230669519634,
  "r_std": 0.015496472039632078,
  "f_peak_per_step": 0.03132
}