{
  "K_run": 0.8254999999998778,
  "r_mean": 0.9799236514259729,
  "r_std": 2.6776761998294858e-06,
  "f_peak_per_step": 0.01405
}