{
  "K_run": 0.7635191365030873,
  "r_mean": 0.9861389163530593,
  "r_std": 1.6175523583317707e-05,
  "f_peak_per_step": 0.032
}