{
  "K_run": 3.4383628086108935,
  "r_mean": 0.6349222400803276,
  "r_std": 0.1719399034028282,
  "f_peak_per_step": 0.06644166666666668
}