{
  "K_run": 1.6125000000049097,
  "r_mean": 0.5205779665571697,
  "r_std": 0.06860028945023422,
  "f_peak_per_step": 0.0286375
}