{
  "K_run": 0.25434700466084886,
  "r_mean": 0.644619153045173,
  "r_std": 0.17403408147660068,
  "f_peak_per_step": 0.064584
}