{
  "K_run": 0.8122199999998945,
  "r_mean": 0.9810318084994615,
  "r_std": 2.3447898757845886e-06,
  "f_peak_per_step": 0.013866666666666668
}