{
  "K_run": 1.930187363,
  "r_mean": 0.942895051580479,
  "r_std": 1.1988978350094154e-06,
  "f_peak_per_step": 0.0206
}