{
  "K_run": 1.612499999999065,
  "r_mean": 0.5205779665593576,
  "r_std": 0.06860028944929136,
  "f_peak_per_step": 0.0286375
}