{
  "K_run": 0.8026149747661927,
  "r_mean": 0.982010067664218,
  "r_std": 3.006905049244828e-06,
  "f_peak_per_step": 0.013516666666666668
}