{
  "K_run": 0.809499999999995,
  "r_mean": 0.9812589775285967,
  "r_std": 2.847229294701956e-06,
  "f_peak_per_step": 0.013816666666666668
}