{
  "K_run": 0.806999999999833,
  "r_mean": 0.9814678984719734,
  "r_std": 2.9564756881307377e-06,
  "f_peak_per_step": 0.013783333333333333
}