{
  "K_run": 1.884547983704757,
  "r_mean": 0.4739449178633022,
  "r_std": 0.22879620466104214,
  "f_peak_per_step": 0.0443
}