{
  "K_run": 3.452314827740715,
  "r_mean": 0.8331182481358015,
  "r_std": 0.13160670000019833,
  "f_peak_per_step": 0.024225
}