{
  "K_run": 0.8010785208583618,
  "r_mean": 0.9820104487583029,
  "r_std": 2.791055813872536e-06,
  "f_peak_per_step": 0.013716666666666667
}