{
  "K_run": 1.2187153470977996,
  "r_mean": 0.7665026566390734,
  "r_std": 0.1252904493381733,
  "f_peak_per_step": 0.014020000000000001
}