{
  "K_run": 5.619729214594407,
  "r_mean": 0.5512528505467501,
  "r_std": 0.20071916715333657,
  "f_peak_per_step": 0.0465625
}