{
  "K_run": 1.1000499999998274,
  "r_mean": 0.7507555476115056,
  "r_std": 0.1297959494280078,
  "f_peak_per_step": 0.01365
}