{
  "K_run": 0.7713051279805677,
  "r_mean": 0.986182851750225,
  "r_std": 0.0001619556825321591,
  "f_peak_per_step": 0.031900000000000005
}