{
  "K_run": 1.6711561067953504,
  "r_mean": 0.5021115037512613,
  "r_std": 0.2412432613941701,
  "f_peak_per_step": 0.03692
}