{
  "K_run": 0.990094,
  "r_mean": 0.9428950551672786,
  "r_std": 1.2164955471879388e-06,
  "f_peak_r_per_step": 0.020300000000000002,
  "f_peak_phase_per_step": 0.02646666666666667,
  "angle_pred_rad": 0.17607590180733565,
  "f_pred_per_step": 0.028023350132000656
}