{
  "pairs": {
    "pair1": {
      "K_star": 0.2404766745480162,
      "rho": 1.0000000000000004,
      "angle_rad": 0.08858194640021778,
      "freq_cycles_per_step": 0.014098254638295985
    },
    "pair2": {
      "K_star": 0.24052405240517644,
      "rho": 0.9999999999999986,
      "angle_rad": 0.09811604555482113,
      "freq_cycles_per_step": 0.015615653646679368
    }
  },
  "closest_pair": {
    "pairA": "pair1",
    "pairB": "pair2",
    "deltaK": 4.7377857160246784e-05,
    "winding_ratio_lin": 0.9028283386199428
  }
}