{
  "K_run": 0.24052455240517642,
  "r_mean": 0.9314187189638266,
  "r_std": 0.015162903617993162,
  "f_peak_per_step": 0.03130666666666666,
  "kstars_path": "figs_k4_quat_explicit_20251128_125830\\k4_kstars.json",
  "Kstars": {
    "pairs": {
      "pair1": {
        "K_star": 0.2404766745480162,
        "rho": 1.0000000000000004,
        "angle_rad": 0.08858194640021778,
        "freq_cycles_per_step": 0.014098254638295985
      },
      "pair2": {
        "K_star": 0.24052405240517644,
        "rho": 0.9999999999999986,
        "angle_rad": 0.09811604555482113,
        "freq_cycles_per_step": 0.015615653646679368
      }
    },
    "closest_pair": {
      "pairA": "pair1",
      "pairB": "pair2",
      "deltaK": 4.7377857160246784e-05,
      "winding_ratio_lin": 0.9028283386199428
    }
  },
  "winding_lin": 0.9028283386199428,
  "omega_peak_freqs": [
    0.015653437689584597,
    0.015653437689584597,
    0.015653437689584597,
    0.015653437689584597
  ],
  "winding_rho_inst": 1.005360604131459
}