{
  "K_run": 0.8505025886173418,
  "r_mean": 0.977844572489269,
  "r_std": 2.402469201077385e-06,
  "f_peak_per_step": 0.014150000000000001
}