{
  "K_run": 0.2405250524052681,
  "r_mean": 0.9315073579973889,
  "r_std": 0.01512885058358595,
  "f_peak_per_step": 0.031307999999999996
}