{
  "K_run": 0.781624999999768,
  "r_mean": 0.9835838725894319,
  "r_std": 3.2775010052428627e-06,
  "f_peak_per_step": 0.013316666666666668
}