{
  "K_run": 1.8845479837048957,
  "r_mean": 0.4783469846962575,
  "r_std": 0.23104223068823398,
  "f_peak_per_step": 0.04125
}