{
  "K_run": 0.960670249999924,
  "r_mean": 0.9689786621217296,
  "r_std": 2.6995559554316073e-06,
  "f_peak_per_step": 0.014916666666666667
}