{
  "K_run": 3.431332895349568,
  "r_mean": 0.6367805787186264,
  "r_std": 0.17184737458444138,
  "f_peak_per_step": 0.06611666666666667
}