{
  "K_run": 0.9605937694366296,
  "r_mean": 0.9689846717932191,
  "r_std": 2.6918833273327177e-06,
  "f_peak_per_step": 0.014816666666666667
}