{
  "K_run": 0.8200817195226482,
  "r_mean": 0.9805280496744,
  "r_std": 2.626978670107874e-06,
  "f_peak_per_step": 0.013966666666666667
}