{
  "K_run": 0.7694684715156248,
  "r_mean": 0.9861547118450386,
  "r_std": 5.909040608184172e-06,
  "f_peak_per_step": 0.0159
}