{
  "K_run": 1.1343906260521488,
  "r_mean": 0.9304804019377859,
  "r_std": 0.01564313772303946,
  "f_peak_per_step": 0.03132
}