{
  "K_run": 0.9900936816108195,
  "r_mean": 0.9428950523821168,
  "r_std": 4.3864435113583977e-13,
  "f_peak_per_step": 0.0529
}