{
  "K_run": 0.8257499999997808,
  "r_mean": 0.9799028215575252,
  "r_std": 2.682220816041278e-06,
  "f_peak_per_step": 0.014
}