{
  "K_run": 1.2059716115345067,
  "r_mean": 0.6548489076543998,
  "r_std": 0.17344524430873237,
  "f_peak_per_step": 0.061200000000000004
}