{
  "K_run": 1.8845479837048957,
  "r_mean": 0.46618646896226257,
  "r_std": 0.22656516302259222,
  "f_peak_per_step": 0.04435
}