{
  "K_run": 2.215103334008963,
  "r_mean": 0.6095100332751306,
  "r_std": 0.1918923777166252,
  "f_peak_per_step": 0.005766666666666667
}