{
  "K_run": 2.0472200719264015,
  "r_mean": 0.8658901761690851,
  "r_std": 0.09126818638246835,
  "f_peak_per_step": 0.054875
}