{
  "K_run": 0.9606701249998717,
  "r_mean": 0.9689786691242257,
  "r_std": 2.8559071049485553e-06,
  "f_peak_per_step": 0.014933333333333333
}