{
  "K_run": 0.8200817195226413,
  "r_mean": 0.9805280525530273,
  "r_std": 3.148521581913876e-06,
  "f_peak_per_step": 0.01395
}