{
  "K_run": 0.960620452772073,
  "r_mean": 0.9689860203480821,
  "r_std": 2.5657970841874976e-06,
  "f_peak_per_step": 0.014816666666666667
}