{
  "K_run": 0.24052455240512075,
  "r_mean": 0.9313992594077335,
  "r_std": 0.015172143600684982,
  "f_peak_per_step": 0.031308888888888886
}