{
  "K_run": 1.09686558763302,
  "r_mean": 0.6483766550948756,
  "r_std": 0.17334248930352048,
  "f_peak_per_step": 0.061124
}