{
  "K_run": 1.2130094901866577,
  "r_mean": 0.6519887976216544,
  "r_std": 0.1734916080304708,
  "f_peak_per_step": 0.06196000000000001
}