{
  "K_run": 1.3240754773284171,
  "r_mean": 0.45228715074468645,
  "r_std": 0.2271202014473212,
  "f_peak_per_step": 0.04675
}