{
  "K_run": 1.21569281053476,
  "r_mean": 0.4505410462546863,
  "r_std": 0.22531332353276165,
  "f_peak_per_step": 0.047850000000000004
}