{
  "K_run": 0.7823497204742677,
  "r_mean": 0.9835834738141916,
  "r_std": 2.3804239419112233e-06,
  "f_peak_per_step": 0.013366666666666667
}