{
  "K_run": 0.8120786202219712,
  "r_mean": 0.9810501629022105,
  "r_std": 2.6257383595276664e-06,
  "f_peak_per_step": 0.013816666666666668
}