{
  "K_run": 0.8034999999998196,
  "r_mean": 0.9817600461957143,
  "r_std": 2.5009386444485205e-06,
  "f_peak_per_step": 0.013733333333333334
}