{
  "K_run": 0.75299999999975,
  "r_mean": 0.9861564603484647,
  "r_std": 3.1158503771120552e-06,
  "f_peak_per_step": 0.0131
}