{
  "K_run": 2.4205007272444807,
  "r_mean": 0.5092498852085132,
  "r_std": 0.2448234486289887,
  "f_peak_per_step": 0.04569
}