{
  "K_run": 0.809249999999891,
  "r_mean": 0.9812798813883831,
  "r_std": 2.8980949138866676e-06,
  "f_peak_per_step": 0.013816666666666668
}