{
  "K_run": 0.8123749999997585,
  "r_mean": 0.981018872405208,
  "r_std": 2.5783811240680433e-06,
  "f_peak_per_step": 0.013850000000000001
}