{
  "K_run": 0.24052455240519202,
  "r_mean": 0.9314160930524007,
  "r_std": 0.015163847343794744,
  "f_peak_per_step": 0.031308888888888886
}