{
  "K_run": 4.586265138499986,
  "r_mean": 0.619456486318473,
  "r_std": 0.09429102745241837,
  "f_peak_per_step": 0.06285
}