{
  "K_run": 0.8122324999997352,
  "r_mean": 0.981030765258768,
  "r_std": 2.469522039700885e-06,
  "f_peak_per_step": 0.013866666666666668
}