{
  "K_run": 3.469555475045675,
  "r_mean": 0.845464168558637,
  "r_std": 0.1266227457615402,
  "f_peak_per_step": 0.024466666666666668
}