{
  "K_run": 0.2405245524051746,
  "r_mean": 0.760628368871551,
  "r_std": 0.12743417365046938,
  "f_peak_per_step": 0.013442222222222222
}