{
  "K_run": 1.1000500000000522,
  "r_mean": 0.7498492698183592,
  "r_std": 0.13009514744653544,
  "f_peak_per_step": 0.013630000000000001
}