{
  "K_run": 0.24052455240510187,
  "r_mean": 0.9314172439385324,
  "r_std": 0.01516290666001817,
  "f_peak_per_step": 0.031308888888888886
}