{
  "K_run": 0.24052505240517844,
  "r_mean": 0.9314074849600984,
  "r_std": 0.015170674125521729,
  "f_peak_per_step": 0.0313075
}