{
  "K_run": 0.7800074435686034,
  "r_mean": 0.985530281278937,
  "r_std": 0.0016088644343626333,
  "f_peak_per_step": 0.013300000000000001
}