{
  "K_run": 0.7791249999997233,
  "r_mean": 0.9837913922683978,
  "r_std": 3.7847414102026925e-06,
  "f_peak_per_step": 0.013316666666666668
}