{
  "K_run": 0.7729473158823587,
  "r_mean": 0.9860832217867249,
  "r_std": 8.18768005866638e-05,
  "f_peak_per_step": 0.031875
}