{
  "K_run": 0.9605950000001191,
  "r_mean": 0.9689844815976026,
  "r_std": 2.8814373132701372e-06,
  "f_peak_per_step": 0.014816666666666667
}