{
  "K_run": 3.4733703098633515,
  "r_mean": 0.8467921944398843,
  "r_std": 0.1262565524549254,
  "f_peak_per_step": 0.0245
}