{
  "K_run": 1.0603947219160603,
  "r_mean": 0.44707020635332756,
  "r_std": 0.2321020513676339,
  "f_peak_per_step": 0.0079
}