{
  "K_run": 1.2084134099982953,
  "r_mean": 0.6482500100515831,
  "r_std": 0.1698399228071437,
  "f_peak_per_step": 0.06165
}