{
  "K_run": 0.18771682827161046,
  "r_mean": 0.6247859599965175,
  "r_std": 0.23028034102513087,
  "f_peak_per_step": 0.0008700000000000001
}