{
  "K_run": 0.24052455240523393,
  "r_mean": 0.9314141819667464,
  "r_std": 0.015164782014183673,
  "f_peak_per_step": 0.031308888888888886
}