{
  "K_run": 0.24052455240510226,
  "r_mean": 0.9314288009496243,
  "r_std": 0.015157403462971106,
  "f_peak_per_step": 0.031308888888888886
}