{
  "K_run": 2.9588783496511506,
  "r_mean": 0.8964121548384492,
  "r_std": 0.050553576171378664,
  "f_peak_per_step": 0.05495833333333334
}