{
  "K_run": 2.398170050039789,
  "r_mean": 0.49412737132324674,
  "r_std": 0.22106209021569503,
  "f_peak_per_step": 0.03265
}