{
  "K_run": 0.7720460218571413,
  "r_mean": 0.9861202725586301,
  "r_std": 6.944461589578893e-05,
  "f_peak_per_step": 0.013250000000000001
}