{
  "K_run": 0.24052455240522266,
  "r_mean": 0.9314040580296895,
  "r_std": 0.015169580140404202,
  "f_peak_per_step": 0.031308888888888886
}