{
  "K_run": 1.116183550721305,
  "r_mean": 0.49780639042305536,
  "r_std": 0.23520242916053127,
  "f_peak_per_step": 0.00035
}