{
  "K_run": 1.1000499999999882,
  "r_mean": 0.663009236285416,
  "r_std": 0.17316290090172387,
  "f_peak_per_step": 0.057030000000000004
}