{
  "K_run": 9.49162666748241,
  "r_mean": 0.8301788202253448,
  "r_std": 0.09014781403289943,
  "f_peak_per_step": 0.0947
}