{
  "K_run": 1.7523182202602052,
  "r_mean": 0.5069876228424176,
  "r_std": 0.24153183557466013,
  "f_peak_per_step": 0.01416
}