{
  "K_run": 1.1319827337603516,
  "r_mean": 0.9308715984139037,
  "r_std": 0.015486681302725517,
  "f_peak_per_step": 0.031290000000000005
}