{
  "beta11_real": 0.12241669174152381,
  "beta11_imag": -0.25798962411619136,
  "beta12_real": 0.12281843201838198,
  "beta12_imag": 0.4724103929692302,
  "beta21_real": -2.848158200477024,
  "beta21_imag": 0.39905032569215715,
  "beta22_real": 1.5988548152303788,
  "beta22_imag": -0.15973332257743475,
  "a11": 0.12241669174152381,
  "a12": 0.12281843201838198,
  "a21": -2.848158200477024,
  "a22": 1.5988548152303788,
  "Delta": 0.5455328413783929,
  "lam1_real": 0.9951904809999998,
  "lam1_imag": 0.09882550295487944,
  "lam2_real": 0.9951904810000001,
  "lam2_imag": 0.08943263907658716,
  "mu1_fit": 8.527948064453262e-05,
  "mu2_fit": -0.0007994936469346971,
  "omega1": 0.09897860807304963,
  "omega2": 0.08962410428587339,
  "resid1_rel": 0.9409672350582389,
  "resid2_rel": 0.7941592725356686,
  "s1_fit": 0.00042993207118643663,
  "s2_fit": 0.000265828331136985,
  "A1_fit": 0.020734803379497877,
  "A2_fit": 0.016304242734238993,
  "mu1_post": 8.999999999999999e-10,
  "mu2_post": -1.0499999999999999e-09,
  "s1_post": 2.8741233678342272e-09,
  "s2_post": 4.463168244736142e-09,
  "A1_post": 5.3610851213483146e-05,
  "A2_post": 6.680694757834803e-05,
  "s1_sym": 2.638036364585212e-09,
  "s2_sym": 5.309140532392151e-09,
  "A1_sym": 5.136181815887374e-05,
  "A2_sym": 7.28638492833871e-05,
  "ratio_sym": 0.7049012461462723,
  "cond_Phi1": 13.572998387576963,
  "cond_Phi2": 40.650784293774436,
  "im_ratio11": 2.6065190159654104,
  "im_ratio22": 1.7822585101429238,
  "ridge1": 0.01,
  "ridge2": 0.01,
  "N_samples": 37501
}