{
  "K_run": 0.8066099999997436,
  "r_mean": 0.9814991466017065,
  "r_std": 2.842492156283389e-06,
  "f_peak_per_step": 0.013516666666666668
}