{
  "K_run": 0.9605924999997788,
  "r_mean": 0.9689846698584145,
  "r_std": 2.918789108773607e-06,
  "f_peak_per_step": 0.014816666666666667
}