{
  "K_run": 1.7995608752713605,
  "r_mean": 0.5005430162577927,
  "r_std": 0.23527615805037647,
  "f_peak_per_step": 0.046310000000000004
}