{
  "K_run": 0.9606700499998224,
  "r_mean": 0.9689786742473528,
  "r_std": 2.9893795070775687e-06,
  "f_peak_per_step": 0.014916666666666667
}