{
  "K_run": 0.8079999999999412,
  "r_mean": 0.9813842882271409,
  "r_std": 3.0731715891739414e-06,
  "f_peak_per_step": 0.013816666666666668
}