{
  "K_run": 0.9605877506913196,
  "r_mean": 0.9689852491611025,
  "r_std": 3.2637178087271647e-06,
  "f_peak_per_step": 0.014883333333333333
}