{
  "K_run": 0.9606701475000357,
  "r_mean": 0.9689786590276088,
  "r_std": 2.9787683748588258e-06,
  "f_peak_per_step": 0.014916666666666667
}