{
  "K_run": 0.8504999999997815,
  "r_mean": 0.9778463514771616,
  "r_std": 2.6452419041956143e-06,
  "f_peak_per_step": 0.014166666666666668
}