{
  "K_run": 0.9005000000000387,
  "r_mean": 0.9737498933480733,
  "r_std": 2.9659502714422895e-06,
  "f_peak_per_step": 0.014483333333333334
}