{
  "K_run": 0.9606701375000226,
  "r_mean": 0.9689786718977121,
  "r_std": 2.9432780377650187e-06,
  "f_peak_per_step": 0.0149
}