{
  "K_run": 0.7688691336848719,
  "r_mean": 0.9861539228754955,
  "r_std": 6.362487997874987e-06,
  "f_peak_per_step": 0.015916666666666666
}