{
  "K_run": 1.7997543573758898,
  "r_mean": 0.5018931280517218,
  "r_std": 0.2266272259768081,
  "f_peak_per_step": 5e-05
}