{
  "K_run": 0.962999999999776,
  "r_mean": 0.968798408464659,
  "r_std": 2.889247812567928e-06,
  "f_peak_per_step": 0.0149
}