{
  "K_run": 2.383256151165987,
  "r_mean": 0.5008508892582457,
  "r_std": 0.23784420218392302,
  "f_peak_per_step": 0.042230000000000004
}