{
  "K_run": 1.9075555459566425,
  "r_mean": 0.4868159518440041,
  "r_std": 0.23213089452601826,
  "f_peak_per_step": 0.00025
}