{
  "K_run": 1.9066236282621107,
  "r_mean": 0.5044307874648605,
  "r_std": 0.24011969431832506,
  "f_peak_per_step": 0.04768000000000001
}