{
  "K_run": 1.0978485808503173,
  "r_mean": 0.9306235160642888,
  "r_std": 0.015574945025311798,
  "f_peak_per_step": 0.031316
}