{
  "K_run": 0.9605863807844062,
  "r_mean": 0.9689854462904491,
  "r_std": 2.620237976543781e-06,
  "f_peak_per_step": 0.014866666666666667
}