{
  "K_run": 0.7895338891759475,
  "r_mean": 0.9835822960474748,
  "r_std": 2.7755236872037144e-06,
  "f_peak_per_step": 0.013416666666666667
}