{
  "K_run": 1.8201423133444543,
  "r_mean": 0.5051052963751463,
  "r_std": 0.23994937209251782,
  "f_peak_per_step": 0.014570000000000001
}