{
  "K_run": 0.8063749999998121,
  "r_mean": 0.981518892308006,
  "r_std": 3.1866864870059734e-06,
  "f_peak_per_step": 0.013533333333333335
}