{
  "K_run": 0.7820088587729138,
  "r_mean": 0.9835814519077889,
  "r_std": 2.4507208274926597e-06,
  "f_peak_per_step": 0.013266666666666668
}