{
  "K_run": 0.24052455240521362,
  "r_mean": 0.7606278388191166,
  "r_std": 0.127435576117676,
  "f_peak_per_step": 0.013442222222222222
}