{
  "K_run": 0.8021624999999255,
  "r_mean": 0.9818717265498141,
  "r_std": 2.5195441273927606e-06,
  "f_peak_per_step": 0.01375
}