{
  "K_run": 0.18771682827160488,
  "r_mean": 0.617524916949809,
  "r_std": 0.23433540125673177,
  "f_peak_per_step": 0.0024400000000000003
}