{
  "K_run": 0.7719799727863713,
  "r_mean": 0.986121939822798,
  "r_std": 6.71342867525763e-05,
  "f_peak_per_step": 0.013275
}