{
  "K_run": 1.9420927988928793,
  "r_mean": 0.4823453411416456,
  "r_std": 0.2295726994260685,
  "f_peak_per_step": 0.0443
}