{
  "K_run": 0.8232499999997824,
  "r_mean": 0.9801114842679589,
  "r_std": 2.9598831360581023e-06,
  "f_peak_per_step": 0.013883333333333334
}