{
  "K_run": 1.8928408708091706,
  "r_mean": 0.4599315058995564,
  "r_std": 0.22795572448764362,
  "f_peak_per_step": 0.04415
}