{
  "K_run": 0.8064118158487409,
  "r_mean": 0.981518757497317,
  "r_std": 2.9071021649010447e-06,
  "f_peak_per_step": 0.013550000000000001
}