{
  "K_run": 1.799560875271608,
  "r_mean": 0.49805889462871994,
  "r_std": 0.23507908513264608,
  "f_peak_per_step": 0.045810000000000003
}