{
  "K_run": 0.9606713149122224,
  "r_mean": 0.9689786559130419,
  "r_std": 2.906784602774873e-06,
  "f_peak_per_step": 0.014916666666666667
}