{
  "K_run": 1.1344945564681603,
  "r_mean": 0.9304820464464412,
  "r_std": 0.015642220387253443,
  "f_peak_per_step": 0.03132
}