{
  "K_run": 1.0981314905291601,
  "r_mean": 0.9304690462980558,
  "r_std": 0.015651240642735643,
  "f_peak_per_step": 0.031316
}