{
  "K_run": 1.7995608752716639,
  "r_mean": 0.5029827569008266,
  "r_std": 0.2336017810332332,
  "f_peak_per_step": 0.0001
}