{
  "K_run": 0.806612499999816,
  "r_mean": 0.9814989370468247,
  "r_std": 2.6797517639019886e-06,
  "f_peak_per_step": 0.013550000000000001
}