{
  "K_run": 0.9605949999998185,
  "r_mean": 0.9689844793805464,
  "r_std": 2.5535735776604182e-06,
  "f_peak_per_step": 0.014866666666666667
}