{
  "K_run": 0.8064278776795762,
  "r_mean": 0.9815166710595853,
  "r_std": 3.042748595794778e-06,
  "f_peak_per_step": 0.013550000000000001
}