{
  "K_run": 0.7887690331539282,
  "r_mean": 0.983156896565889,
  "r_std": 2.8724403073510376e-06,
  "f_peak_per_step": 0.013516666666666668
}