{
  "K_run": 0.7725265670707137,
  "r_mean": 0.9861060932934607,
  "r_std": 7.148428856132267e-05,
  "f_peak_per_step": 0.013275
}