{
  "K_run": 0.24052455240517992,
  "r_mean": 0.9314034131735512,
  "r_std": 0.01516997090031669,
  "f_peak_per_step": 0.031308888888888886
}