{
  "K_run": 1.1000499999998594,
  "r_mean": 0.6630074283115022,
  "r_std": 0.1731612371362224,
  "f_peak_per_step": 0.057030000000000004
}