{
  "K_run": 0.8021311248388832,
  "r_mean": 0.9818744201177954,
  "r_std": 2.8213591136234404e-06,
  "f_peak_per_step": 0.013766666666666667
}