{
  "K_run": 1.369854599928625,
  "r_mean": 0.43016533415884795,
  "r_std": 0.21428081308499802,
  "f_peak_r_per_step": 0.0085,
  "f_peak_phase_per_step": 0.005833333333333334,
  "lyap_1": 0.08371917730034621,
  "lyap_2": 0.04443772411831354,
  "lyap_3": 0.017454009056260957,
  "lyap_4": -4.7810134123272037e-05
}