{
  "scheme": "explicit",
  "dt": 0.1,
  "gamma": 0.25,
  "directed": true,
  "eps_asym": 0.25,
  "deg_norm": false,
  "sigma2": -0.22,
  "triad_phi": 0.0,
  "K_lo": 1.3164556962025316,
  "K_hi": 1.379746835443038,
  "K_star": 1.3398545999286249,
  "rho1": 0.9999999999999614,
  "ang1": 0.15827904992457442,
  "rho2": 0.9999999999999614,
  "ang2": 0.15827904992457442,
  "double_ns": true
}