{
  "K_run": 0.9629999999999266,
  "r_mean": 0.9687986103288417,
  "r_std": 2.809143062089328e-06,
  "f_peak_per_step": 0.014833333333333334
}