{
  "K_run": 3.452314827740715,
  "r_mean": 0.8326215017360367,
  "r_std": 0.13172327702044567,
  "f_peak_per_step": 0.024208333333333335
}