{
  "K_run": 0.8021311248387589,
  "r_mean": 0.9818744199764037,
  "r_std": 2.816756311605615e-06,
  "f_peak_per_step": 0.013766666666666667
}