{
  "K_run": 1.884459847427105,
  "r_mean": 0.4802310013524053,
  "r_std": 0.23106049059965736,
  "f_peak_per_step": 0.0439
}