{
  "K_run": 0.8069999999999093,
  "r_mean": 0.9814677399142817,
  "r_std": 2.9600205066904006e-06,
  "f_peak_per_step": 0.013833333333333335
}