{
  "K_run": 1.8701756823930094,
  "r_mean": 0.45874117275085663,
  "r_std": 0.23007761470664362,
  "f_peak_per_step": 0.0446
}