{
  "config": "./configs/k4_quat_baseline.yaml",
  "K_run": 0.24052455240517642,
  "T": 200000,
  "burn": 100000,
  "subsample": 100,
  "triad_phi": 2.0948,
  "F_faces": [
    -2.0948,
    0.0,
    0.0,
    -2.0948
  ],
  "phi_edges": [
    -0.5237,
    0.5237000000000002,
    1.2635513268723422e-16,
    -1.0474000000000003,
    0.5237,
    -0.5237
  ],
  "gauge_energy": 2.194093520000001,
  "B_phi": [
    -2.0948,
    -1.2635513268723422e-16,
    -1.533283022471857e-17,
    -2.0948
  ],
  "B_residual": [
    0.0,
    -1.2635513268723422e-16,
    -1.533283022471857e-17,
    0.0
  ],
  "gaps": {
    "0": {
      "gap": -2.7755575615628914e-16,
      "abs_gap": 2.7755575615628914e-16
    },
    "1": {
      "gap": 0.0,
      "abs_gap": 0.0
    },
    "2": {
      "gap": 0.0,
      "abs_gap": 0.0
    },
    "3": {
      "gap": -2.7755575615628914e-16,
      "abs_gap": 2.7755575615628914e-16
    }
  },
  "r_mean": 0.9314172400189229,
  "r_std": 0.015163725073305585
}