{
  "K_run": 0.8513083313769176,
  "r_mean": 0.9778444294089486,
  "r_std": 3.308212315713228e-06,
  "f_peak_per_step": 0.014183333333333334
}