{
  "K_run": 0.7694684715156248,
  "r_mean": 0.9861544345910784,
  "r_std": 6.197672875430049e-06,
  "f_peak_per_step": 0.0159
}