{
  "K_run": 0.815749999999863,
  "r_mean": 0.9807372419520696,
  "r_std": 2.5776359892216267e-06,
  "f_peak_per_step": 0.013883333333333334
}