{
  "K_run": 0.9606701474999559,
  "r_mean": 0.968978668860265,
  "r_std": 2.7945489957556555e-06,
  "f_peak_per_step": 0.014983333333333335
}