{
  "K_run": 0.9606725876506419,
  "r_mean": 0.9689786559302616,
  "r_std": 2.820397161862309e-06,
  "f_peak_per_step": 0.0149
}