{
  "K_run": 1.1344945568021012,
  "r_mean": 0.9304836766801285,
  "r_std": 0.01564129620730051,
  "f_peak_per_step": 0.03132
}