{
  "K_run": 0.9606699999998105,
  "r_mean": 0.9689786826553018,
  "r_std": 2.728959484971451e-06,
  "f_peak_per_step": 0.014916666666666667
}