{
  "K_run": 0.9606701249998539,
  "r_mean": 0.9689786605462741,
  "r_std": 3.0197749192003695e-06,
  "f_peak_per_step": 0.014950000000000001
}