{
  "K_run": 1.7254599930871068,
  "r_mean": 0.5185497010127845,
  "r_std": 0.24495014947115035,
  "f_peak_per_step": 0.00013000000000000002
}