{
  "K_run": 0.9629999999998469,
  "r_mean": 0.9687984090745736,
  "r_std": 2.8197226363576015e-06,
  "f_peak_per_step": 0.015033333333333334
}