{
  "K_run": 1.1714690115379705,
  "r_mean": 0.6479071112123703,
  "r_std": 0.1733345088972768,
  "f_peak_per_step": 0.061470000000000004
}