{
  "K_run": 1.1344910446147984,
  "r_mean": 0.9306145465043203,
  "r_std": 0.015594288929322252,
  "f_peak_per_step": 0.03132
}