{
  "K_run": 0.9605936810455675,
  "r_mean": 0.9689845980905059,
  "r_std": 2.409355183872338e-06,
  "f_peak_per_step": 0.015000000000000001
}