{
  "K_run": 1.1287769166817612,
  "r_mean": 0.9304611114103659,
  "r_std": 0.01565268444279847,
  "f_peak_per_step": 0.03132
}