{
  "K_run": 0.8035000000000188,
  "r_mean": 0.9817600360031037,
  "r_std": 2.3164910105706986e-06,
  "f_peak_per_step": 0.01375
}