{
  "K_run": 0.2405250524051932,
  "r_mean": 0.9313855880580763,
  "r_std": 0.01518495461975778,
  "f_peak_per_step": 0.0313075
}