{
  "K_run": 1.5959791170180526,
  "r_mean": 0.5323401672734588,
  "r_std": 0.2515807405037363,
  "f_peak_per_step": 6.000000000000001e-05
}