{
  "K_run": 0.7713051279805677,
  "r_mean": 0.9861807790478995,
  "r_std": 0.00016303652273209695,
  "f_peak_per_step": 0.031900000000000005
}