{
  "K_run": 0.2405245524051938,
  "r_mean": 0.6484136036080387,
  "r_std": 0.16990422424637502,
  "f_peak_per_step": 0.06005333333333333
}