{
  "K_run": 0.8044999999999427,
  "r_mean": 0.981676526161453,
  "r_std": 2.3964401843582493e-06,
  "f_peak_per_step": 0.013833333333333335
}