{
  "K_run": 1.1338224467412619,
  "r_mean": 0.9310297992546369,
  "r_std": 0.015400186018388334,
  "f_peak_per_step": 0.03132
}