{
  "K_run": 0.2405245524052371,
  "r_mean": 0.9314241113411282,
  "r_std": 0.01515957620038716,
  "f_peak_per_step": 0.031308888888888886
}