{
  "K_run": 1.5153993636356413,
  "r_mean": 0.5323273847261175,
  "r_std": 0.2510230470707757,
  "f_peak_per_step": 2e-05
}