{
  "K_run": 1.1344945317326343,
  "r_mean": 0.9304846861338661,
  "r_std": 0.015640715024937545,
  "f_peak_per_step": 0.03132
}