{
  "K_run": 1.2409179777086303,
  "r_mean": 0.6781236062357755,
  "r_std": 0.17328623214085057,
  "f_peak_per_step": 0.05944000000000001
}