{
  "K_run": 0.7820519492208796,
  "r_mean": 0.9835835232675814,
  "r_std": 3.1240216255475963e-06,
  "f_peak_per_step": 0.013333333333333334
}