{
  "K_run": 0.24052455240514561,
  "r_mean": 0.7606143250416293,
  "r_std": 0.12743292243743193,
  "f_peak_per_step": 0.013442222222222222
}