{
  "K_run": 0.7694690719301567,
  "r_mean": 0.9861545040974061,
  "r_std": 6.286851643451687e-06,
  "f_peak_per_step": 0.0159
}