{
  "K_run": 0.9605949999998804,
  "r_mean": 0.9689844778208152,
  "r_std": 2.627325251633809e-06,
  "f_peak_per_step": 0.015016666666666668
}