{
  "K_run": 0.12354942124999951,
  "r_mean": 0.9685985418743865,
  "r_std": 9.010432831056864e-07,
  "f_peak_per_step": 0.041670000000000006
}