{
  "K_run": 1.4529383749519085,
  "r_mean": 0.5549378964070947,
  "r_std": 0.2215010039810996,
  "f_peak_per_step": 0.0594
}