{
  "K_run": 1.1958063611414842,
  "r_mean": 0.7632910651941862,
  "r_std": 0.12683490399453262,
  "f_peak_per_step": 0.013850000000000001
}