{
  "K_run": 0.8066124999997973,
  "r_mean": 0.9814989392020608,
  "r_std": 3.6646193046835287e-06,
  "f_peak_per_step": 0.013550000000000001
}