{
  "K_run": 0.8069874999999689,
  "r_mean": 0.9814676442632607,
  "r_std": 4.014319389206576e-06,
  "f_peak_per_step": 0.013550000000000001
}