{
  "K_run": 0.9900936816149426,
  "r_mean": 0.9428950523821474,
  "r_std": 8.257548666997618e-13,
  "f_peak_per_step": 0.02
}