{
  "K_run": 0.8513689471797232,
  "r_mean": 0.9778444201343306,
  "r_std": 2.6875568785477766e-06,
  "f_peak_per_step": 0.0142
}