{
  "Kstars": {
    "pair1": {
      "Kstar": 0.24047667454800126,
      "rho": 0.999999999999999,
      "ang": 0.08858194640021491
    },
    "pair2": {
      "Kstar": 0.24052405240519203,
      "rho": 1.0000000000000004,
      "ang": 0.09811604555482381
    }
  },
  "near2": 0.03,
  "K_min": 0.2398,
  "K_max": 0.2412
}