{
  "K_run": 0.8064249999997138,
  "r_mean": 0.9815147199211106,
  "r_std": 3.2167214903335936e-06,
  "f_peak_per_step": 0.013550000000000001
}