{
  "K_run": 0.9606701474998587,
  "r_mean": 0.9689786587962687,
  "r_std": 2.9206756776261924e-06,
  "f_peak_per_step": 0.014933333333333333
}