{
  "K_run": 3.4733532270780927,
  "r_mean": 0.8467802491620701,
  "r_std": 0.12625223649741782,
  "f_peak_per_step": 0.0245
}