{
  "K_run": 1.6125000000049097,
  "r_mean": 0.5550932194786652,
  "r_std": 0.051017521500171845,
  "f_peak_per_step": 0.029225
}