{
  "K_run": 0.8041866421162792,
  "r_mean": 0.9817066606160687,
  "r_std": 2.4799949860835503e-06,
  "f_peak_per_step": 0.013483333333333333
}