{
  "K_run": 0.9606701474998587,
  "r_mean": 0.9689786685874758,
  "r_std": 2.772226505848827e-06,
  "f_peak_per_step": 0.015300000000000001
}