{
  "K_run": 0.9504999999999597,
  "r_mean": 0.9697722897204081,
  "r_std": 3.050164274830805e-06,
  "f_peak_per_step": 0.0148
}