{
  "K_run": 0.25495196626935535,
  "r_mean": 0.5053585777785168,
  "r_std": 0.22497238869263192,
  "f_peak_per_step": 0.0002
}