{
  "K_run": 1.135479452178682,
  "r_mean": 0.7233543086962595,
  "r_std": 0.17246087659610473,
  "f_peak_r": 0.05036666666666667,
  "f_peak_phase": 0.025166666666666667
}