{
  "K_run": 1.53085752040845,
  "r_mean": 0.5220731874055174,
  "r_std": 0.24760530959220772,
  "f_peak_per_step": 4e-05
}