{
  "K_run": 0.24052455240518852,
  "r_mean": 0.9314198177402943,
  "r_std": 0.015162022658482602,
  "f_peak_per_step": 0.031308888888888886
}