{
  "K_run": 1.095964542376996,
  "r_mean": 0.6481080763308585,
  "r_std": 0.17334030976853093,
  "f_peak_per_step": 0.061099999999999995
}