deltaK,amp_std_r
0.01,1.2116241854475218e-15
0.02,3.10665452059354e-16
0.04,3.235812889613632e-16
0.06,1.3859331029326037e-15
