{
  "K_run": 0.8505000000000118,
  "r_mean": 0.9778464175694854,
  "r_std": 3.2398287611981226e-06,
  "f_peak_per_step": 0.014183333333333334
}