{
  "K_run": 0.24052455240510404,
  "r_mean": 0.7606163674185331,
  "r_std": 0.12743714521222024,
  "f_peak_per_step": 0.013442222222222222
}