{
  "K_run": 0.9629999999998822,
  "r_mean": 0.9687984109591681,
  "r_std": 2.86603980673358e-06,
  "f_peak_per_step": 0.014883333333333333
}