{
  "K_run": 0.9621795299911391,
  "r_mean": 0.9689143132766072,
  "r_std": 2.915181393293472e-06,
  "f_peak_per_step": 0.014933333333333333
}