{
  "K_run": 1.886348808859611,
  "r_mean": 0.4783601602565293,
  "r_std": 0.23318078657962185,
  "f_peak_per_step": 0.011766666666666667
}