{
  "K_run": 2.6671022695196576,
  "r_mean": 0.653151346119181,
  "r_std": 0.17162586035349955,
  "f_peak_per_step": 0.061608333333333334
}