{
  "K_run": 0.7828749999999537,
  "r_mean": 0.9834795240266393,
  "r_std": 2.9322606503537058e-06,
  "f_peak_per_step": 0.013333333333333334
}