{
  "K_run": 0.8062511753505263,
  "r_mean": 0.9815396222380119,
  "r_std": 2.691636386018525e-06,
  "f_peak_per_step": 0.013533333333333335
}