{
  "K_run": 0.960670149999802,
  "r_mean": 0.968978665338546,
  "r_std": 2.9547648089665128e-06,
  "f_peak_per_step": 0.014950000000000001
}