{
  "K_run": 0.9625898813760676,
  "r_mean": 0.9688563394502909,
  "r_std": 2.5368387074379634e-06,
  "f_peak_per_step": 0.01485
}