{
  "K_run": 1.0974167755004645,
  "r_mean": 0.9308989245330193,
  "r_std": 0.015446736645324418,
  "f_peak_per_step": 0.031316
}