{
  "K_run": 2.562632499999199,
  "r_mean": 0.638522657563235,
  "r_std": 0.17262306610160466,
  "f_peak_per_step": 0.06611666666666667
}