{
  "K_run": 0.24052455240519358,
  "r_mean": 0.9314088731304195,
  "r_std": 0.01516745197618231,
  "f_peak_per_step": 0.031308888888888886
}