{
  "K_run": 1.2071245354842877,
  "r_mean": 0.7183514542454573,
  "r_std": 0.1897117141741967,
  "f_peak_per_step": 0.06137000000000001
}