{
  "K_run": 1.1340820628151727,
  "r_mean": 0.9304622660673099,
  "r_std": 0.015651983155051077,
  "f_peak_per_step": 0.03132
}