{
  "K_run": 0.8021277378346278,
  "r_mean": 0.9818748582265092,
  "r_std": 3.472399450984229e-06,
  "f_peak_per_step": 0.013766666666666667
}