{
  "K_run": 0.7709776725392765,
  "r_mean": 0.9861422382267993,
  "r_std": 1.4498570064481815e-05,
  "f_peak_per_step": 0.03183333333333333
}