{
  "K_run": 0.13489574691659864,
  "r_mean": 0.8124443666549626,
  "r_std": 0.12070759296105352,
  "f_peak_per_step": 0.04256
}