{
  "K_run": 0.9606701449998798,
  "r_mean": 0.9689786730349588,
  "r_std": 2.9737310482030867e-06,
  "f_peak_per_step": 0.014883333333333333
}