{
  "pairs": {
    "pair1": {
      "K_star": 0.24047667454800126,
      "rho": 0.999999999999999,
      "angle_rad": 0.08858194640021491,
      "freq_cycles_per_step": 0.014098254638295527
    },
    "pair2": {
      "K_star": 0.24052405240519203,
      "rho": 1.0000000000000004,
      "angle_rad": 0.09811604555482381,
      "freq_cycles_per_step": 0.015615653646679795
    }
  },
  "closest_pair": {
    "pairA": "pair1",
    "pairB": "pair2",
    "deltaK": 4.737785719077792e-05,
    "winding_ratio_lin": 0.9028283386198889
  }
}