{
  "K_run": 0.8020470896078163,
  "r_mean": 0.981885289503592,
  "r_std": 3.0429924112074083e-06,
  "f_peak_per_step": 0.013716666666666667
}