{
  "K_run": 0.960593499999844,
  "r_mean": 0.9689845897317712,
  "r_std": 2.9657431052207404e-06,
  "f_peak_per_step": 0.01485
}