{
  "K_run": 0.13461412369549688,
  "r_mean": 0.8096482324515961,
  "r_std": 0.12313814897847641,
  "f_peak_per_step": 0.04234
}