{
  "pair1": 1,
  "K1": 0.33272423189661765,
  "pair2": 3,
  "K2": 0.6818181818181317,
  "dK": 0.34909394992151405
}