{
  "K_run": 0.8129974999998915,
  "r_mean": 0.9809669328185654,
  "r_std": 2.1901150148168735e-06,
  "f_peak_per_step": 0.013883333333333334
}