{
  "K_run": 1.8990901578743014,
  "r_mean": 0.4704348976465902,
  "r_std": 0.22744258799680317,
  "f_peak_per_step": 0.0446
}