{
  "K_run": 0.24052455240515783,
  "r_mean": 0.93139770195061,
  "r_std": 0.015173164331462442,
  "f_peak_per_step": 0.031308888888888886
}