{
  "K_run": 1.100050395344802,
  "r_mean": 0.7507287757713762,
  "r_std": 0.12980101431364918,
  "f_peak_per_step": 0.01365
}