{
  "K_run": 0.782156879323283,
  "r_mean": 0.983562734225026,
  "r_std": 3.0105255012128063e-06,
  "f_peak_per_step": 0.01335
}