{
  "K_run": 1.0893890135015327,
  "r_mean": 0.7607465150934044,
  "r_std": 0.12738266850802513,
  "f_peak_per_step": 0.013439999999999999
}