{
  "K_run": 0.8122249999999847,
  "r_mean": 0.9810313886818511,
  "r_std": 3.062109356210467e-06,
  "f_peak_per_step": 0.013833333333333335
}