{
  "K_run": 0.9606140890377142,
  "r_mean": 0.9689860185140906,
  "r_std": 2.7843473330793566e-06,
  "f_peak_per_step": 0.014916666666666667
}