{
  "K_run": 1.0893400135015325,
  "r_mean": 0.9315077966758205,
  "r_std": 0.015128593931781679,
  "f_peak_per_step": 0.031307999999999996
}