{
  "K_run": 0.9605949981048256,
  "r_mean": 0.9689860275929307,
  "r_std": 2.7226828288123463e-06,
  "f_peak_per_step": 0.014950000000000001
}