{
  "K_run": 0.24052455240517492,
  "r_mean": 0.6478965331427441,
  "r_std": 0.17334527871947816,
  "f_peak_per_step": 0.061142222222222216
}