{
  "K_run": 1.2073547606575408,
  "r_mean": 0.7648895337915096,
  "r_std": 0.1266617461520854,
  "f_peak_per_step": 0.01391
}