{
  "K_run": 0.7719859769885834,
  "r_mean": 0.9861212556560737,
  "r_std": 6.835431335174488e-05,
  "f_peak_per_step": 0.013275
}