{
  "K_run": 1.2073547606575408,
  "r_mean": 0.7648581183626212,
  "r_std": 0.12665021106023544,
  "f_peak_per_step": 0.01391
}