{
  "K_run": 3.1020436857340745,
  "r_mean": 0.4994443741057283,
  "r_std": 0.21807662192146302,
  "f_peak_per_step": 0.0007
}