{
  "K_run": 0.9900936816076901,
  "r_mean": 0.9428950523821327,
  "r_std": 4.662190443513668e-13,
  "f_peak_per_step": 0.027033333333333336
}