{
  "K_run": 1.8701756823866358,
  "r_mean": 0.46467437339696244,
  "r_std": 0.22938554776867004,
  "f_peak_per_step": 0.0441
}