{
  "K_run": 0.8129874999997987,
  "r_mean": 0.9809669526284885,
  "r_std": 3.5583686269273905e-06,
  "f_peak_per_step": 0.013616666666666668
}