{
  "K_run": 1.1000499999999238,
  "r_mean": 0.6630168029202125,
  "r_std": 0.17315996983454296,
  "f_peak_per_step": 0.057030000000000004
}