{
  "K_run": 0.8119999999998104,
  "r_mean": 0.9810502689367183,
  "r_std": 2.951836525736028e-06,
  "f_peak_per_step": 0.013783333333333333
}