{
  "K_run": 0.9600984999999707,
  "r_mean": 0.9689845938723909,
  "r_std": 2.921990158175309e-06,
  "f_peak_per_step": 0.01489
}