{
  "K_run": 2.447132499999813,
  "r_mean": 0.6614868531016909,
  "r_std": 0.17204514672228904,
  "f_peak_per_step": 0.05886666666666667
}