{
  "K_run": 1.7704479753012243,
  "r_mean": 0.506986485726879,
  "r_std": 0.2416003675617124,
  "f_peak_per_step": 0.04662
}