{
  "K_run": 0.7694708731762641,
  "r_mean": 0.9861546525658403,
  "r_std": 5.202542342370576e-06,
  "f_peak_per_step": 0.0159
}