{
  "K_run": 0.24052455240521795,
  "r_mean": 0.9314111372900215,
  "r_std": 0.015166116547297897,
  "f_peak_per_step": 0.031308888888888886
}