{
  "K_run": 0.8505328646472898,
  "r_mean": 0.9778445663799663,
  "r_std": 2.674876541138824e-06,
  "f_peak_per_step": 0.014150000000000001
}