{
  "K_run": 0.7694708731762641,
  "r_mean": 0.9861550913392045,
  "r_std": 4.0539015814000086e-05,
  "f_peak_per_step": 0.013233333333333335
}