{
  "K_run": 0.8058383421975949,
  "r_mean": 0.9815928232215472,
  "r_std": 2.5381106172482456e-06,
  "f_peak_per_step": 0.013566666666666668
}