{
  "K_run": 0.24052455240519202,
  "r_mean": 0.931417414233591,
  "r_std": 0.015162935533534955,
  "f_peak_per_step": 0.031308888888888886
}