{
  "K_run": 0.7694708731762641,
  "r_mean": 0.9861545198304887,
  "r_std": 6.1195817325966475e-06,
  "f_peak_per_step": 0.0159
}