{
  "K_run": 0.24052455240517803,
  "r_mean": 0.9314089903683586,
  "r_std": 0.01516738601129548,
  "f_peak_per_step": 0.031308888888888886
}