{
  "K_run": 0.9628632751755235,
  "r_mean": 0.9688177161018259,
  "r_std": 2.941387508063895e-06,
  "f_peak_per_step": 0.015033333333333334
}