{
  "K_run": 1.097103442461069,
  "r_mean": 0.652550710728428,
  "r_std": 0.1734300364917103,
  "f_peak_per_step": 0.060028
}