{
  "K_run": 0.8044999999999314,
  "r_mean": 0.9816765363432488,
  "r_std": 3.3460044145547e-06,
  "f_peak_per_step": 0.013783333333333333
}