{
  "K_run": 0.24052455240515694,
  "r_mean": 0.6479058401078435,
  "r_std": 0.17334507755853612,
  "f_peak_per_step": 0.06113999999999999
}