{
  "K_run": 1.0953967593780873,
  "r_mean": 0.6525454483559479,
  "r_std": 0.17342748117886897,
  "f_peak_per_step": 0.059963999999999996
}