{
  "K_run": 2.9559739757450907,
  "r_mean": 0.8959792242566648,
  "r_std": 0.050898705675981086,
  "f_peak_per_step": 0.05495833333333334
}