{
  "K_run": 0.7504874999998905,
  "r_mean": 0.9861574805524556,
  "r_std": 2.5265377389990277e-06,
  "f_peak_per_step": 0.013066666666666667
}