{
  "K_run": 0.9605904904952545,
  "r_mean": 0.9689848649533623,
  "r_std": 2.9090645592833585e-06,
  "f_peak_per_step": 0.014833333333333334
}