{
  "K_run": 1.7997543573758898,
  "r_mean": 0.4641213450611409,
  "r_std": 0.22968791887263124,
  "f_peak_per_step": 0.0429
}