{
  "K_run": 2.5021325000004095,
  "r_mean": 0.6482988351481948,
  "r_std": 0.17218950683698725,
  "f_peak_per_step": 0.06350833333333333
}