{
  "K_run": 0.787129701195933,
  "r_mean": 0.983365072728106,
  "r_std": 3.1750514132993547e-06,
  "f_peak_per_step": 0.0135
}