{
  "K_run": 0.8232499999998384,
  "r_mean": 0.9801111595417988,
  "r_std": 2.5823847951683813e-06,
  "f_peak_per_step": 0.013900000000000001
}