{
  "K_run": 0.9605924999997346,
  "r_mean": 0.9689846713589418,
  "r_std": 2.4367353711350064e-06,
  "f_peak_per_step": 0.014816666666666667
}