{
  "K_run": 0.9605886345508159,
  "r_mean": 0.9689860235210903,
  "r_std": 2.962381446415895e-06,
  "f_peak_per_step": 0.014916666666666667
}