{
  "K_run": 3.306037330473876,
  "r_mean": 0.8096171443871092,
  "r_std": 0.1342055595817735,
  "f_peak_per_step": 0.023233333333333335
}