{
  "K_run": 0.7820582026615851,
  "r_mean": 0.9835752142406337,
  "r_std": 3.1441696380657735e-06,
  "f_peak_per_step": 0.013316666666666668
}