{
  "K_run": 1.0894390135015326,
  "r_mean": 0.7607300236398638,
  "r_std": 0.12739023146810272,
  "f_peak_per_step": 0.013439999999999999
}