{
  "K_run": 0.8063957536143805,
  "r_mean": 0.9815208442962783,
  "r_std": 2.4848219568956797e-06,
  "f_peak_per_step": 0.013583333333333334
}