{
  "K_run": 0.8182499999998962,
  "r_mean": 0.9805283846806148,
  "r_std": 2.650848736661494e-06,
  "f_peak_per_step": 0.013850000000000001
}