{
  "K_run": 1.7071549261652514,
  "r_mean": 0.5054103054198015,
  "r_std": 0.2420659845497794,
  "f_peak_per_step": 0.046020000000000005
}