{
  "K_run": 1.1863991243151955,
  "r_mean": 0.7613701609178365,
  "r_std": 0.12719390041830758,
  "f_peak_per_step": 0.01374
}