{
  "K_run": 0.7497450049498358,
  "r_mean": 0.9861574802670416,
  "r_std": 2.0499584852359486e-06,
  "f_peak_per_step": 0.012983333333333335
}