{
  "K_run": 1.1000499999996347,
  "r_mean": 0.6630197275335967,
  "r_std": 0.17316125325465906,
  "f_peak_per_step": 0.057030000000000004
}