{
  "K_run": 1.1338246808138386,
  "r_mean": 0.648271699885552,
  "r_std": 0.17334476602992208,
  "f_peak_per_step": 0.061160000000000006
}