{
  "K_run": 0.9606685915787025,
  "r_mean": 0.9689788640147694,
  "r_std": 2.776596571382395e-06,
  "f_peak_per_step": 0.015116666666666667
}