{
  "K_run": 0.806612499999816,
  "r_mean": 0.9814989370853051,
  "r_std": 2.736616914352024e-06,
  "f_peak_per_step": 0.0135
}