{
  "K_run": 1.0971056041687424,
  "r_mean": 0.6481411675624841,
  "r_std": 0.17334520665729947,
  "f_peak_per_step": 0.06116
}