{
  "K_run": 0.9606719512810515,
  "r_mean": 0.9689786627977951,
  "r_std": 2.536607139136423e-06,
  "f_peak_per_step": 0.01485
}