{
  "K_run": 1.53085752040845,
  "r_mean": 0.5252810555742605,
  "r_std": 0.2487357880624245,
  "f_peak_per_step": 0.00012000000000000002
}