{
  "scheme": "explicit",
  "dt": 0.1,
  "gamma": 0.3,
  "directed": true,
  "eps_asym": 0.2,
  "deg_norm": false,
  "sigma2": -0.22,
  "triad_phi": 0.0,
  "K_lo": 1.4430379746835444,
  "K_hi": 1.5063291139240507,
  "K_star": 1.5003674805335279,
  "rho1": 0.9999999999998379,
  "ang1": 0.17342232109468209,
  "rho2": 0.9999999999998379,
  "ang2": 0.17342232109468209,
  "double_ns": true
}