{
  "K_run": 3.3440618820020362,
  "r_mean": 0.659595047301889,
  "r_std": 0.17113302997755067,
  "f_peak_per_step": 0.059708333333333335
}