{
  "K_run": 0.961905788463641,
  "r_mean": 0.9689529769850025,
  "r_std": 2.881343462106987e-06,
  "f_peak_per_step": 0.014933333333333333
}