{
  "beta11": {
    "real": 0.03061599372142298,
    "imag": 0.015869985691015543
  },
  "beta12": {
    "real": -1.3842811478413786,
    "imag": -0.25224181619028085
  },
  "beta21": {
    "real": 0.02556111954124998,
    "imag": 0.015000859744353646
  },
  "beta22": {
    "real": -1.1015204261545497,
    "imag": -0.12281249460226999
  },
  "a11": 0.03061599372142298,
  "a12": -1.3842811478413786,
  "a21": 0.02556111954124998,
  "a22": -1.1015204261545497,
  "Delta": 0.0016596334475053529,
  "mu1": 8.692455108077223e-07,
  "mu2": 9.998000821667139e-09,
  "omega1": 0.08859073615754577,
  "omega2": 0.09811614712731477,
  "resid1_rel": 0.920859344352696,
  "resid2_rel": 0.8556464594354706,
  "s1_star": -0.0005685903973933204,
  "s2_star": -1.3203391215696423e-05,
  "A1_star": NaN,
  "A2_star": NaN
}