{
  "K_run": 0.957681576008778,
  "r_mean": 0.9717353478077971,
  "r_std": 2.4946626628863733e-06,
  "f_peak_per_step": 0.01485
}