{
  "K_run": 0.8002702646654989,
  "r_mean": 0.9821147411304524,
  "r_std": 3.75697961126147e-06,
  "f_peak_per_step": 0.013783333333333333
}