{
  "K_run": 0.32410351246960356,
  "r_mean": 0.5930173829855545,
  "r_std": 0.12585580213942346,
  "f_peak_per_step": 0.0207
}