{
  "K_run": 0.9608275766127332,
  "r_mean": 0.9689917824477753,
  "r_std": 2.784272970643668e-06,
  "f_peak_per_step": 0.01485
}