{
  "K_run": 0.8067374999998499,
  "r_mean": 0.9814885046101274,
  "r_std": 3.601795601716637e-06,
  "f_peak_per_step": 0.013516666666666668
}