{
  "K_run": 0.2405250524051918,
  "r_mean": 0.9315308523486299,
  "r_std": 0.01511404247687332,
  "f_peak_per_step": 0.0313075
}