{
  "K_run": 0.8232499999997824,
  "r_mean": 0.9801111605012846,
  "r_std": 2.222977769319022e-06,
  "f_peak_per_step": 0.013900000000000001
}