{
  "K_run": 0.8254999999999275,
  "r_mean": 0.9799236516552705,
  "r_std": 2.672685335990026e-06,
  "f_peak_per_step": 0.013933333333333334
}