{
  "K_run": 0.1510139515137385,
  "r_mean": 0.7781493864182073,
  "r_std": 0.14878721139923212,
  "f_peak_per_step": 0.03787
}