{
  "K_run": 0.8094999999999148,
  "r_mean": 0.9812590199077853,
  "r_std": 2.7255825077758567e-06,
  "f_peak_per_step": 0.013816666666666668
}