{
  "K_run": 1.1714300786966103,
  "r_mean": 0.6767282418627203,
  "r_std": 0.17068364857726723,
  "f_peak_per_step": 0.055630000000000006
}