{
  "K_run": 0.2405250524052123,
  "r_mean": 0.9313965727150599,
  "r_std": 0.015181636965465876,
  "f_peak_per_step": 0.0313075
}