{
  "K_run": 0.8157499999998479,
  "r_mean": 0.9807371354370199,
  "r_std": 2.801734880697361e-06,
  "f_peak_per_step": 0.013850000000000001
}