{
  "K_run": 0.24052455240514534,
  "r_mean": 0.9314305283141514,
  "r_std": 0.015156219617534125,
  "f_peak_per_step": 0.031308888888888886
}