{
  "K_run": 0.7529999999998066,
  "r_mean": 0.9861564596135298,
  "r_std": 2.214669241369264e-06,
  "f_peak_per_step": 0.01315
}