{
  "K_run": 1.1959215687135145,
  "r_mean": 0.7632991360388784,
  "r_std": 0.12682671543190005,
  "f_peak_per_step": 0.013850000000000001
}