{
  "K_run": 0.8119999999998329,
  "r_mean": 0.9810503428413301,
  "r_std": 2.9832414909531687e-06,
  "f_peak_per_step": 0.013850000000000001
}