{
  "K_run": 0.8022270836550423,
  "r_mean": 0.9818696314258311,
  "r_std": 2.513079291352061e-06,
  "f_peak_per_step": 0.013716666666666667
}