{
  "K_run": 1.8845479837048957,
  "r_mean": 0.47046678575314366,
  "r_std": 0.22872104304132537,
  "f_peak_per_step": 0.040400000000000005
}