{
  "K_run": 0.8064999999999017,
  "r_mean": 0.9815083251996628,
  "r_std": 2.9990924495347343e-06,
  "f_peak_per_step": 0.013566666666666668
}