{
  "K_run": 0.24052455240512702,
  "r_mean": 0.9314193988454822,
  "r_std": 0.015161856413612482,
  "f_peak_per_step": 0.031308888888888886
}