{
  "K_run": 0.990094,
  "r_mean": 0.9428950536228325,
  "r_std": 1.2228102217887398e-06,
  "f_peak_per_step": 0.020733333333333333
}