{
  "K_run": 0.8027774999999531,
  "r_mean": 0.9818203896295573,
  "r_std": 2.5656569986557622e-06,
  "f_peak_per_step": 0.01375
}