{
  "K_run": 0.9605938180347378,
  "r_mean": 0.9689845731116694,
  "r_std": 2.9916706259608637e-06,
  "f_peak_per_step": 0.014933333333333333
}