{
  "K_run": 0.2405245524051868,
  "r_mean": 0.9314103248991288,
  "r_std": 0.015166414041310704,
  "f_peak_per_step": 0.031308888888888886
}