{
  "K_run": 0.8232499999998832,
  "r_mean": 0.9801112741616665,
  "r_std": 2.4144809588041054e-06,
  "f_peak_per_step": 0.013866666666666668
}