{
  "K_run": 0.8024999999998509,
  "r_mean": 0.9818435644851473,
  "r_std": 3.284957369076581e-06,
  "f_peak_per_step": 0.013783333333333333
}