{
  "K_run": 0.8064118158487409,
  "r_mean": 0.9815187574447108,
  "r_std": 2.8325628213205176e-06,
  "f_peak_per_step": 0.013550000000000001
}