{
  "K_run": 0.7719793723688696,
  "r_mean": 0.986111517378447,
  "r_std": 3.389766777623544e-05,
  "f_peak_per_step": 0.03185
}