{
  "K_run": 1.8859905305371831,
  "r_mean": 0.46370257655663355,
  "r_std": 0.22704257730067673,
  "f_peak_per_step": 0.04465
}