{
  "K_run": 0.24052455240519008,
  "r_mean": 0.7606244584412377,
  "r_std": 0.12743572949928175,
  "f_peak_per_step": 0.013442222222222222
}