{
  "K_run": 1.0959645907720434,
  "r_mean": 0.9314929331781119,
  "r_std": 0.015136760525831072,
  "f_peak_per_step": 0.031312
}