{
  "K_run": 1.100049999999731,
  "r_mean": 0.6600859289924853,
  "r_std": 0.16988345537007513,
  "f_peak_per_step": 0.057010000000000005
}