{
  "K_run": 0.9606674999999478,
  "r_mean": 0.9689788746982236,
  "r_std": 2.9463828108203103e-06,
  "f_peak_per_step": 0.014966666666666668
}