{
  "K_run": 0.960143499999844,
  "r_mean": 0.9689845958285319,
  "r_std": 2.939486205698416e-06,
  "f_peak_per_step": 0.014810000000000002
}