{
  "K_run": 3.274746051923876,
  "r_mean": 0.5887216130789326,
  "r_std": 0.19923603174049698,
  "f_peak_per_step": 0.0012000000000000001
}