{
  "K_run": 0.850823574353132,
  "r_mean": 0.9778445160844645,
  "r_std": 2.331623160327026e-06,
  "f_peak_per_step": 0.014183333333333334
}