{
  "K_run": 1.1344945205907717,
  "r_mean": 0.9304844516547366,
  "r_std": 0.0156408527496868,
  "f_peak_per_step": 0.03132
}