{
  "K_run": 1.1345074999996785,
  "r_mean": 0.9304792740128527,
  "r_std": 0.01564341024203945,
  "f_peak_per_step": 0.03132
}