{
  "K_run": 0.24052455240514645,
  "r_mean": 0.9314014260084849,
  "r_std": 0.015171229935895307,
  "f_peak_per_step": 0.031308888888888886
}