{
  "K_run": 0.24052455240519446,
  "r_mean": 0.7606264517785132,
  "r_std": 0.12743522830995674,
  "f_peak_per_step": 0.013442222222222222
}