{
  "K_run": 1.884547983704757,
  "r_mean": 0.4852287047640625,
  "r_std": 0.23163937611285815,
  "f_peak_per_step": 5e-05
}