{
  "K_run": 0.8021309635531498,
  "r_mean": 0.9818744396528246,
  "r_std": 2.413227318156664e-06,
  "f_peak_per_step": 0.013800000000000002
}