{
  "K_run": 1.1000499999998594,
  "r_mean": 0.7504982820906896,
  "r_std": 0.1298630846749593,
  "f_peak_per_step": 0.013640000000000001
}