{
  "K_run": 0.9592220454200393,
  "r_mean": 0.9691782291840495,
  "r_std": 3.033976980607795e-06,
  "f_peak_per_step": 0.014833333333333334
}