{
  "K_run": 1.1345024999995144,
  "r_mean": 0.9304791368609259,
  "r_std": 0.015643635707102706,
  "f_peak_per_step": 0.03132
}