{
  "K_run": 0.8122374999997604,
  "r_mean": 0.981030346500822,
  "r_std": 2.6858818561538545e-06,
  "f_peak_per_step": 0.013833333333333335
}