{
  "pair1": 1,
  "K1": 0.3842275725117839,
  "pair2": 3,
  "K2": 0.749999999999994,
  "dK": 0.3657724274882101
}