{
  "pair1": 1,
  "K1": 0.397778660332804,
  "pair2": 3,
  "K2": 0.9374999999999551,
  "dK": 0.5397213396671512
}