{
  "K_run": 0.8029974999998382,
  "r_mean": 0.9818020224532484,
  "r_std": 2.934057827008862e-06,
  "f_peak_per_step": 0.01375
}