{
  "K_run": 1.1342978545441722,
  "r_mean": 0.9304673766165359,
  "r_std": 0.015649475109567164,
  "f_peak_per_step": 0.031324
}