{
  "K_run": 0.960593499999844,
  "r_mean": 0.9689845901250317,
  "r_std": 2.6845035796839417e-06,
  "f_peak_per_step": 0.014916666666666667
}