{
  "K_run": 0.80749999999989,
  "r_mean": 0.9814260131698698,
  "r_std": 2.97919315239955e-06,
  "f_peak_per_step": 0.013816666666666668
}