{
  "K_run": 1.8845479837048957,
  "r_mean": 0.4884777472478012,
  "r_std": 0.23164842363287008,
  "f_peak_per_step": 0.0002
}