{
  "K_run": 1.1338213297049735,
  "r_mean": 0.931031751607339,
  "r_std": 0.015398630825109047,
  "f_peak_per_step": 0.03132
}