{
  "K_run": 0.7709793723688678,
  "r_mean": 0.9861423492621971,
  "r_std": 1.35145260738129e-05,
  "f_peak_per_step": 0.03183333333333333
}