{
  "K_run": 0.2405250524052681,
  "r_mean": 0.9315074015301786,
  "r_std": 0.015128763949346619,
  "f_peak_per_step": 0.031307999999999996
}