{
  "K_run": 0.8514332050692541,
  "r_mean": 0.9778444086180703,
  "r_std": 3.097090036558367e-06,
  "f_peak_per_step": 0.0142
}