{
  "K_run": 0.7728259496270982,
  "r_mean": 0.9860318597344158,
  "r_std": 9.648662331460673e-05,
  "f_peak_per_step": 0.032183333333333335
}