{
  "K_run": 0.9600984999999931,
  "r_mean": 0.968984637871225,
  "r_std": 3.115778269264841e-06,
  "f_peak_per_step": 0.01488
}