{
  "K_run": 0.7699793723688696,
  "r_mean": 0.9861520109732351,
  "r_std": 6.951706172109483e-06,
  "f_peak_per_step": 0.015916666666666666
}