{
  "K_run": 1.5230825518499673,
  "r_mean": 0.5554536614237094,
  "r_std": 0.20830517201601131,
  "f_peak_per_step": 0.07781
}