{
  "K_run": 0.8025274999999314,
  "r_mean": 0.9818412506519695,
  "r_std": 2.7062048354413413e-06,
  "f_peak_per_step": 0.01375
}