{
  "K_run": 0.7828749999999537,
  "r_mean": 0.9834795230045766,
  "r_std": 3.36973279907301e-06,
  "f_peak_per_step": 0.013316666666666668
}