{
  "K_run": 1.1276269057712855,
  "r_mean": 0.9304606272346427,
  "r_std": 0.01565297702993573,
  "f_peak_per_step": 0.03132
}