{
  "K_run": 0.8119999999998926,
  "r_mean": 0.9810502066288197,
  "r_std": 2.5105968723691736e-06,
  "f_peak_per_step": 0.013866666666666668
}