{
  "K_run": 2.350575000000315,
  "r_mean": 0.6474949569508053,
  "r_std": 0.173093395354594,
  "f_peak_per_step": 0.06424166666666667
}