{
  "K_run": 0.8021375000000972,
  "r_mean": 0.9818738142034124,
  "r_std": 2.9392801341132154e-06,
  "f_peak_per_step": 0.013733333333333334
}