{
  "K_run": 1.097106685018223,
  "r_mean": 0.9310954610491744,
  "r_std": 0.015354472008189455,
  "f_peak_per_step": 0.031312
}