{
  "K_run": 0.8505025886173418,
  "r_mean": 0.9778445715638648,
  "r_std": 2.7388158768687648e-06,
  "f_peak_per_step": 0.014233333333333334
}