{
  "K_run": 0.8030000000001214,
  "r_mean": 0.981801843351196,
  "r_std": 2.721889230961951e-06,
  "f_peak_per_step": 0.013783333333333333
}