{
  "K_run": 1.884547983704757,
  "r_mean": 0.46472113877326576,
  "r_std": 0.23029161020358638,
  "f_peak_per_step": 0.04435
}