{
  "K_run": 2.1064718614624973,
  "r_mean": 0.5076461509275209,
  "r_std": 0.24095805049016172,
  "f_peak_per_step": 0.04646
}