{
  "K_run": 0.9605936811177973,
  "r_mean": 0.9689845918728434,
  "r_std": 2.5517124276147028e-06,
  "f_peak_per_step": 0.014783333333333334
}