{
  "K_run": 0.8066124999999603,
  "r_mean": 0.9814989384311358,
  "r_std": 2.7874563589382176e-06,
  "f_peak_per_step": 0.0135
}