{
  "K_run": 0.2405245524051077,
  "r_mean": 0.9314101971289815,
  "r_std": 0.01516677796426005,
  "f_peak_per_step": 0.031308888888888886
}