{
  "K_run": 0.8132499999999632,
  "r_mean": 0.9809458121142407,
  "r_std": 3.2300008455602966e-06,
  "f_peak_per_step": 0.013850000000000001
}