{
  "K_run": 1.1299280974915884,
  "r_mean": 0.9304602861734461,
  "r_std": 0.015653137255410017,
  "f_peak_per_step": 0.03132
}