{
  "K_run": 1.6125000000049097,
  "r_mean": 0.6291559144370754,
  "r_std": 0.016230162880431522,
  "f_peak_per_step": 0.0315
}