{
  "K_run": 0.8025274999999539,
  "r_mean": 0.9818412610548441,
  "r_std": 3.2045599257034918e-06,
  "f_peak_per_step": 0.013783333333333333
}