{
  "K_run": 1.6125000000049097,
  "r_mean": 0.4794368119882779,
  "r_std": 0.06627676372573248,
  "f_peak_per_step": 0.0279
}