{
  "K_run": 0.803499999999868,
  "r_mean": 0.9817600689744489,
  "r_std": 2.6748196506279306e-06,
  "f_peak_per_step": 0.01375
}