{
  "K_run": 0.8030000000001214,
  "r_mean": 0.9818018435308363,
  "r_std": 2.698453048257521e-06,
  "f_peak_per_step": 0.013783333333333333
}