{
  "K_run": 1.201804857795364,
  "r_mean": 0.6756016365607365,
  "r_std": 0.17315636416399457,
  "f_peak_per_step": 0.05858000000000001
}