{
  "K_run": 1.1344869551630865,
  "r_mean": 0.9304889722477387,
  "r_std": 0.0156387619735203,
  "f_peak_per_step": 0.03132
}