{
  "K_run": 1.1311955793076776,
  "r_mean": 0.93046021041073,
  "r_std": 0.01565265072485729,
  "f_peak_per_step": 0.031316
}