{
  "K_run": 0.8064999999997805,
  "r_mean": 0.9815084591804155,
  "r_std": 3.1023696384851033e-06,
  "f_peak_per_step": 0.013533333333333335
}