{
  "K_run": 0.9606013617040154,
  "r_mean": 0.9689860221816413,
  "r_std": 2.8912940800663425e-06,
  "f_peak_per_step": 0.014966666666666668
}