{
  "K_run": 1.1344952499998124,
  "r_mean": 0.9304840180515748,
  "r_std": 0.015641078381329866,
  "f_peak_per_step": 0.03132
}