{
  "K_run": 0.9605949999997654,
  "r_mean": 0.9689844834804654,
  "r_std": 2.723914841931268e-06,
  "f_peak_per_step": 0.015183333333333333
}