{
  "K_run": 0.24052505240522176,
  "r_mean": 0.9314848016746765,
  "r_std": 0.015142756009232532,
  "f_peak_per_step": 0.031307999999999996
}