{
  "K_run": 0.9605934999999706,
  "r_mean": 0.96898459520596,
  "r_std": 2.6755751618618034e-06,
  "f_peak_per_step": 0.014900000000000002
}