{
  "K_run": 1.1000500000000522,
  "r_mean": 0.6636054611617347,
  "r_std": 0.17317409131834824,
  "f_peak_per_step": 0.056830000000000006
}