{
  "K_run": 1.184220924719283,
  "r_mean": 0.7613891072571469,
  "r_std": 0.12719001231646682,
  "f_peak_per_step": 0.013760000000000001
}