{
  "K_run": 1.6809377627752944,
  "r_mean": 0.5290269540553368,
  "r_std": 0.24892817331285744,
  "f_peak_per_step": 9e-05
}