{
  "K_run": 0.24052455240522327,
  "r_mean": 0.9314118104827352,
  "r_std": 0.015165870967790202,
  "f_peak_per_step": 0.031308888888888886
}