{
  "K_run": 0.16557609746983448,
  "r_mean": 0.6316628129747918,
  "r_std": 0.2297904816073011,
  "f_peak_per_step": 0.00103
}