{
  "K_run": 0.9629999999999797,
  "r_mean": 0.6940807926649312,
  "r_std": 0.1721649844311177,
  "f_peak_per_step": 0.04356666666666667
}