{
  "K_run": 1.0971142508882752,
  "r_mean": 0.9310912447284418,
  "r_std": 0.015357104430050596,
  "f_peak_per_step": 0.031312
}