{
  "K_run": 2.5697442124993235,
  "r_mean": 0.4706383102162632,
  "r_std": 0.23236241366129154,
  "f_peak_per_step": 0.01416
}