{
  "K_run": 0.802487499999978,
  "r_mean": 0.9818446003187147,
  "r_std": 3.1435449768906443e-06,
  "f_peak_per_step": 0.013800000000000002
}