{
  "K_run": 1.6551146089071629,
  "r_mean": 0.5133368622998747,
  "r_std": 0.24608768494850441,
  "f_peak_per_step": 0.039330000000000004
}