{
  "K_run": 0.8122499999999759,
  "r_mean": 0.9810293049665874,
  "r_std": 3.1112112790294678e-06,
  "f_peak_per_step": 0.013833333333333335
}