{
  "K_run": 1.208184563955396,
  "r_mean": 0.7651877501946233,
  "r_std": 0.12643056648986437,
  "f_peak_per_step": 0.013940000000000001
}