{
  "K_run": 1.189998991951789,
  "r_mean": 0.7623126184439831,
  "r_std": 0.1270101262602814,
  "f_peak_per_step": 0.013800000000000002
}