{
  "K_run": 1.0971088467090302,
  "r_mean": 0.931095384778142,
  "r_std": 0.015355070399154916,
  "f_peak_per_step": 0.031312
}