{
  "K_run": 0.81301252985155,
  "r_mean": 0.9809668811929008,
  "r_std": 2.9258020239714395e-06,
  "f_peak_per_step": 0.013900000000000001
}