{
  "K_run": 1.203451259959855,
  "r_mean": 0.7645040780639932,
  "r_std": 0.12657385158869527,
  "f_peak_per_step": 0.01391
}