{
  "K_run": 2.349081809541763,
  "r_mean": 0.49483283994159877,
  "r_std": 0.23439656914959572,
  "f_peak_per_step": 0.013600000000000001
}