{
  "K_run": 0.7529999999998999,
  "r_mean": 0.9861564721449224,
  "r_std": 2.378259665718266e-06,
  "f_peak_per_step": 0.013125000000000001
}