{
  "K_run": 0.8099391468834894,
  "r_mean": 0.98149893801933,
  "r_std": 3.2782526575354054e-06,
  "f_peak_per_step": 0.013716666666666667
}