{
  "K_run": 0.8232520882857446,
  "r_mean": 0.9801111583240253,
  "r_std": 2.9487951116070048e-06,
  "f_peak_per_step": 0.013883333333333334
}