{
  "K_run": 1.5386636428512566,
  "r_mean": 0.5308549466438289,
  "r_std": 0.24968926056430965,
  "f_peak_per_step": 2e-05
}