{
  "K_run": 3.4171638974739253,
  "r_mean": 0.6402840775007614,
  "r_std": 0.17166563842440175,
  "f_peak_per_step": 0.06545833333333334
}