{
  "K_run": 1.5697499999958078,
  "r_mean": 0.47434394775344174,
  "r_std": 0.0030793364929785974,
  "f_peak_per_step": 0.0564375
}