{
  "K_run": 0.2405245524051964,
  "r_mean": 0.9314181874094821,
  "r_std": 0.015162666356416624,
  "f_peak_per_step": 0.031308888888888886
}