{
  "K_run": 1.1343133091575595,
  "r_mean": 0.9304590371295639,
  "r_std": 0.015653379660689404,
  "f_peak_per_step": 0.031324
}