{
  "K_run": 0.9106933013648234,
  "r_mean": 0.5092447149379741,
  "r_std": 0.2269753006644631,
  "f_peak_per_step": 0.0002
}