{
  "K_run": 0.7824856945189705,
  "r_mean": 0.9835211325628731,
  "r_std": 2.51459889991906e-06,
  "f_peak_per_step": 0.013300000000000001
}