{
  "K_run": 0.24052455240524476,
  "r_mean": 0.9314107868443708,
  "r_std": 0.01516621688500626,
  "f_peak_per_step": 0.031308888888888886
}