{
  "K_run": 0.8042286847276935,
  "r_mean": 0.9818014523933428,
  "r_std": 3.01967352385001e-06,
  "f_peak_per_step": 0.013516666666666668
}