{
  "K_run": 0.24052455240518425,
  "r_mean": 0.760613056250646,
  "r_std": 0.12743374949437747,
  "f_peak_per_step": 0.013442222222222222
}