{
  "K_run": 2.9608117205751885,
  "r_mean": 0.8966984875793297,
  "r_std": 0.05032452536978504,
  "f_peak_per_step": 0.05495833333333334
}