{
  "K_run": 0.7529999999998832,
  "r_mean": 0.9861564571041926,
  "r_std": 2.012494716669377e-06,
  "f_peak_per_step": 0.0131
}