{
  "K_run": 0.990093682,
  "r_mean": 0.9428950533287573,
  "r_std": 1.2147261558784019e-06,
  "f_peak_r_per_step": 0.020233333333333336,
  "f_peak_phase_per_step": 0.026366666666666667,
  "angle_pred_rad": 0.1760758739090766,
  "f_pred_per_step": 0.02802334569185483
}