{
  "K_run": 0.8022593382907524,
  "r_mean": 0.9818654593681735,
  "r_std": 2.625359375743442e-06,
  "f_peak_per_step": 0.013800000000000002
}