{
  "K_run": 1.8333360532655631,
  "r_mean": 0.9185133669913502,
  "r_std": 0.05629021862419951,
  "f_peak_per_step": 0.0551
}