{
  "K_run": 0.7823497204742677,
  "r_mean": 0.9835834752614502,
  "r_std": 3.634691026111834e-06,
  "f_peak_per_step": 0.013366666666666667
}