{
  "K_run": 0.7823497204742677,
  "r_mean": 0.983583472945268,
  "r_std": 2.9715882624736376e-06,
  "f_peak_per_step": 0.013316666666666668
}