{
  "K_run": 1.369285714285459,
  "r_mean": 0.9999999999886277,
  "r_std": 8.8836631712794e-12,
  "f_peak_per_step": 0.0016333333333333334
}