{
  "K_run": 2.4752194722775047,
  "r_mean": 0.49315744683681156,
  "r_std": 0.23265288429665648,
  "f_peak_per_step": 0.014130000000000002
}