{
  "K_run": 0.9606749999997832,
  "r_mean": 0.968978297179931,
  "r_std": 2.897808292452469e-06,
  "f_peak_per_step": 0.014883333333333333
}