{
  "K_run": 0.7566249999998985,
  "r_mean": 0.9856541647219402,
  "r_std": 3.2884807092436238e-06,
  "f_peak_per_step": 0.013133333333333334
}