{
  "K_run": 0.851431992607427,
  "r_mean": 0.977844407038919,
  "r_std": 2.9408894652097163e-06,
  "f_peak_per_step": 0.014183333333333334
}