{
  "K_run": 0.8082132237852202,
  "r_mean": 0.9813841848466223,
  "r_std": 2.8841711691893514e-06,
  "f_peak_per_step": 0.013833333333333335
}