{
  "K_run": 1.1335041590254764,
  "r_mean": 0.9304606475660011,
  "r_std": 0.01565241336264488,
  "f_peak_per_step": 0.031316
}