{
  "K_run": 1.0964283631141185,
  "r_mean": 0.9313306992672119,
  "r_std": 0.015225168629195924,
  "f_peak_per_step": 0.031312
}