{
  "K_run": 1.8701756823927176,
  "r_mean": 0.46923978401687255,
  "r_std": 0.2283194823153229,
  "f_peak_per_step": 0.0438
}