{
  "K_run": 1.1294674846656922,
  "r_mean": 0.9304616124099059,
  "r_std": 0.01565236397603667,
  "f_peak_per_step": 0.03132
}