{
  "K_run": 0.8232499999998271,
  "r_mean": 0.9801110744445516,
  "r_std": 3.0052262392567058e-05,
  "f_peak_per_step": 0.013933333333333334
}