{
  "K_run": 0.8079999999999036,
  "r_mean": 0.981384593603765,
  "r_std": 2.5467264381412187e-06,
  "f_peak_per_step": 0.013833333333333335
}