{
  "K_run": 0.9605944057855413,
  "r_mean": 0.9689846677391349,
  "r_std": 2.866908758330133e-06,
  "f_peak_per_step": 0.015000000000000001
}