{
  "K_run": 1.930187363222045,
  "r_mean": 0.942895052382116,
  "r_std": 6.214504236449751e-13,
  "f_peak_per_step": 0.0264
}