{
  "K_run": 1.7997543573758898,
  "r_mean": 0.49164489238485787,
  "r_std": 0.22924285238348907,
  "f_peak_per_step": 0.00055
}