{
  "K_run": 0.24052455240518297,
  "r_mean": 0.6523321891170739,
  "r_std": 0.17343215228371714,
  "f_peak_per_step": 0.060011111111111105
}