{
  "K_run": 1.8701756823925653,
  "r_mean": 0.4837356759639216,
  "r_std": 0.22846839030373423,
  "f_peak_per_step": 0.00015000000000000001
}