{
  "K_run": 0.9605017188553306,
  "r_mean": 0.9689918301683998,
  "r_std": 2.941431330320991e-06,
  "f_peak_per_step": 0.01485
}