{
  "K_run": 1.8620646582434794,
  "r_mean": 0.49055034473656695,
  "r_std": 0.23003658035642358,
  "f_peak_per_step": 0.00015000000000000001
}