{
  "K_run": 1.184220924719283,
  "r_mean": 0.6477559358178071,
  "r_std": 0.17333257628565377,
  "f_peak_per_step": 0.061560000000000004
}