{
  "K_run": 0.8083316964115743,
  "r_mean": 0.9813841624345875,
  "r_std": 2.3774108740143303e-06,
  "f_peak_per_step": 0.013833333333333335
}