{
  "K_run": 0.9605936810817046,
  "r_mean": 0.9689845922719348,
  "r_std": 2.8754758316530297e-06,
  "f_peak_per_step": 0.01485
}