{
  "K_run": 0.24052505240517544,
  "r_mean": 0.9315076097951169,
  "r_std": 0.015128817675361787,
  "f_peak_per_step": 0.031307999999999996
}