{
  "K_run": 1.2569260581402142,
  "r_mean": 0.6780861698950192,
  "r_std": 0.17094045521233348,
  "f_peak_per_step": 0.05942000000000001
}