{
  "K_run": 0.9605029915071064,
  "r_mean": 0.9689918322742419,
  "r_std": 2.802495444310548e-06,
  "f_peak_per_step": 0.014833333333333334
}