{
  "K_run": 0.7694714735931663,
  "r_mean": 0.9861545476368974,
  "r_std": 6.640549005810313e-06,
  "f_peak_per_step": 0.0159
}