{
  "K_run": 1.2082990018164932,
  "r_mean": 0.765223484738788,
  "r_std": 0.1264094720378433,
  "f_peak_per_step": 0.013940000000000001
}