{
  "K_run": 0.780007443568554,
  "r_mean": 0.9855023042376581,
  "r_std": 0.0016135317123817875,
  "f_peak_per_step": 0.013300000000000001
}