{
  "K_run": 0.24052455240520312,
  "r_mean": 0.931392775485279,
  "r_std": 0.015175626837152246,
  "f_peak_per_step": 0.031308888888888886
}