{
  "K_run": 1.5986918829757444,
  "r_mean": 0.5113000059004136,
  "r_std": 0.24498325262778844,
  "f_peak_per_step": 0.038160000000000006
}