{
  "K_run": 0.9616319076685944,
  "r_mean": 0.9689916580527957,
  "r_std": 2.673810569880499e-06,
  "f_peak_per_step": 0.015016666666666668
}