{
  "K_run": 1.1837242238553192,
  "r_mean": 0.6677211734483661,
  "r_std": 0.17317228640067822,
  "f_peak_per_step": 0.05901000000000001
}