{
  "K_run": 0.990093682,
  "r_mean": 0.9428950500271264,
  "r_std": 1.2455752627325082e-06,
  "f_peak_per_step": 0.0207
}