{
  "K_run": 0.8022499999997922,
  "r_mean": 0.9818644271188168,
  "r_std": 2.265087091902019e-06,
  "f_peak_per_step": 0.013816666666666668
}