{
  "K_run": 0.7721060718985348,
  "r_mean": 0.9861184663379172,
  "r_std": 6.736068190180835e-05,
  "f_peak_per_step": 0.013275
}