{
  "K_run": 1.134275575500306,
  "r_mean": 0.9304815905873234,
  "r_std": 0.01564288120088468,
  "f_peak_per_step": 0.031324
}