{
  "K_run": 0.9605936810817046,
  "r_mean": 0.968984595822081,
  "r_std": 2.9793965790997273e-06,
  "f_peak_per_step": 0.014966666666666668
}