{
  "K_run": 0.8514453297924531,
  "r_mean": 0.9778444056010873,
  "r_std": 2.3867707369135584e-06,
  "f_peak_per_step": 0.014183333333333334
}