{
  "K_run": 0.9254999999997338,
  "r_mean": 0.9717434601458099,
  "r_std": 2.906775334392523e-06,
  "f_peak_per_step": 0.014683333333333335
}