{
  "K_run": 0.7719793723688696,
  "r_mean": 0.9861226003495229,
  "r_std": 6.868427522823686e-05,
  "f_peak_per_step": 0.013275
}