{
  "K_run": 1.6202768460624084,
  "r_mean": 0.5137729307235632,
  "r_std": 0.2440967178218213,
  "f_peak_per_step": 0.038400000000000004
}