{
  "K_run": 1.0986876215705859,
  "r_mean": 0.9302696288869299,
  "r_std": 0.015757501203813105,
  "f_peak_per_step": 0.031316
}