{
  "K_run": 0.8021349999996903,
  "r_mean": 0.9818740221140094,
  "r_std": 3.510381183707745e-06,
  "f_peak_per_step": 0.013766666666666667
}