{
  "K_run": 1.0437684405031469,
  "r_mean": 0.49416040279293266,
  "r_std": 0.23289853460937218,
  "f_peak_per_step": 5e-05
}