{
  "K_run": 0.8043749999998003,
  "r_mean": 0.981685797935895,
  "r_std": 3.354928923187509e-06,
  "f_peak_per_step": 0.013533333333333335
}