{
  "K_run": 0.24052455240518042,
  "r_mean": 0.9314007494480528,
  "r_std": 0.01517155984997414,
  "f_peak_per_step": 0.031308888888888886
}