{
  "K_run": 1.133933019684264,
  "r_mean": 0.9309594197961834,
  "r_std": 0.015432556968621284,
  "f_peak_per_step": 0.03132
}