{
  "K_run": 1.2033365222347798,
  "r_mean": 0.7644848349383562,
  "r_std": 0.12659207984859155,
  "f_peak_per_step": 0.013900000000000001
}