{
  "K_run": 0.24052455240521078,
  "r_mean": 0.931415951853068,
  "r_std": 0.015163883350014335,
  "f_peak_per_step": 0.031308888888888886
}