{
  "K_run": 1.0981314905289745,
  "r_mean": 0.9304596174057221,
  "r_std": 0.015653536321981725,
  "f_peak_per_step": 0.031316
}