{
  "K_run": 0.960500446205413,
  "r_mean": 0.9689918344793905,
  "r_std": 2.6930080291785436e-06,
  "f_peak_per_step": 0.01485
}