{
  "K_run": 0.7709742728663949,
  "r_mean": 0.9861420299364425,
  "r_std": 1.3723919892104627e-05,
  "f_peak_per_step": 0.03183333333333333
}