{
  "K_run": 0.8069207160995978,
  "r_mean": 0.9815082520903776,
  "r_std": 2.99557235838293e-06,
  "f_peak_per_step": 0.013550000000000001
}