{
  "K_run": 0.8049645974470049,
  "r_mean": 0.9817065293639433,
  "r_std": 3.0733393665460696e-06,
  "f_peak_per_step": 0.013483333333333333
}