{
  "K_run": 0.2405245524051882,
  "r_mean": 0.9314305885353018,
  "r_std": 0.01515625604318498,
  "f_peak_per_step": 0.031308888888888886
}