{
  "K_run": 2.1185175000005336,
  "r_mean": 0.6442162451462243,
  "r_std": 0.17286417845675756,
  "f_peak_per_step": 0.06564166666666667
}