{
  "K_run": 0.850557086317733,
  "r_mean": 0.9778445645010276,
  "r_std": 2.801597865711401e-06,
  "f_peak_per_step": 0.0142
}