{
  "K_run": 0.990093682,
  "r_mean": 0.9428950516639106,
  "r_std": 1.2015471350623817e-06,
  "f_peak_per_step": 0.020466666666666668
}