{
  "K_run": 1.8845479837048957,
  "r_mean": 0.47362966747022367,
  "r_std": 0.22225715013658687,
  "f_peak_per_step": 0.044500000000000005
}