{
  "K_run": 0.24052455240518703,
  "r_mean": 0.9314168422286087,
  "r_std": 0.015163450132538742,
  "f_peak_per_step": 0.031308888888888886
}