{
  "K_run": 1.8845479837048957,
  "r_mean": 0.4725843007770115,
  "r_std": 0.23050834098892992,
  "f_peak_per_step": 0.04435
}