{
  "K_run": 0.8182499999999167,
  "r_mean": 0.9805284069419359,
  "r_std": 2.4465341442234278e-06,
  "f_peak_per_step": 0.013850000000000001
}