{
  "K_run": 0.8119999999999652,
  "r_mean": 0.9810503004871285,
  "r_std": 2.923075256162052e-06,
  "f_peak_per_step": 0.013850000000000001
}