{
  "K_run": 0.8032499999997934,
  "r_mean": 0.9817809806925917,
  "r_std": 3.1486275442281684e-06,
  "f_peak_per_step": 0.013816666666666668
}