{
  "K_run": 2.3903994334589878,
  "r_mean": 0.49432383045587136,
  "r_std": 0.2373011652431409,
  "f_peak_per_step": 0.04206
}