{
  "K_run": 1.1337688256074332,
  "r_mean": 0.760846949118665,
  "r_std": 0.127389669068466,
  "f_peak_per_step": 0.013450000000000002
}