{
  "K_run": 2.4800193837357383,
  "r_mean": 0.48594453080070665,
  "r_std": 0.2311765155109885,
  "f_peak_per_step": 0.0148
}