{
  "K_run": 0.9605937499998338,
  "r_mean": 0.9689845727088998,
  "r_std": 3.0713126993724333e-06,
  "f_peak_per_step": 0.015233333333333335
}