{
  "K_run": 0.24052455240517248,
  "r_mean": 0.7606155814583473,
  "r_std": 0.12743489666333976,
  "f_peak_per_step": 0.013442222222222222
}