{
  "K_run": 2.350390213554054,
  "r_mean": 0.4663091194592445,
  "r_std": 0.23118860335107216,
  "f_peak_per_step": 0.039400000000000004
}