{
  "K_run": 0.7709759727051841,
  "r_mean": 0.9861426934208005,
  "r_std": 1.3750898388207177e-05,
  "f_peak_per_step": 0.03183333333333333
}