{
  "K_run": 1.1338235637775498,
  "r_mean": 0.9310260764726384,
  "r_std": 0.015402490967613945,
  "f_peak_per_step": 0.03132
}