{
  "K_run": 0.8232499999998271,
  "r_mean": 0.9801111594011728,
  "r_std": 2.3501971557175025e-06,
  "f_peak_per_step": 0.013850000000000001
}