{
  "K_run": 0.24052455240519724,
  "r_mean": 0.6523474887077568,
  "r_std": 0.17343153192104796,
  "f_peak_per_step": 0.06000888888888888
}