{
  "K_run": 0.13489574691659864,
  "r_mean": 0.8124441927545178,
  "r_std": 0.12070782184622122,
  "f_peak_per_step": 0.04256
}