{
  "K_run": 0.8122474999998162,
  "r_mean": 0.9810295118051707,
  "r_std": 2.5502984899178393e-06,
  "f_peak_per_step": 0.013833333333333335
}