{
  "K_run": 0.7709793723688678,
  "r_mean": 0.9861425222603911,
  "r_std": 1.2841844613419368e-05,
  "f_peak_per_step": 0.03183333333333333
}