{
  "K_run": 3.4729773509383706,
  "r_mean": 0.8465134686749367,
  "r_std": 0.12635968425920802,
  "f_peak_per_step": 0.02449166666666667
}