{
  "K_run": 0.8122299999998979,
  "r_mean": 0.9810309737838856,
  "r_std": 2.8149370595948117e-06,
  "f_peak_per_step": 0.013816666666666668
}