{
  "K_run": 1.1337353582420409,
  "r_mean": 0.9304617571951072,
  "r_std": 0.01565247790563779,
  "f_peak_per_step": 0.03132
}