{
  "K_run": 0.13518238708447347,
  "r_mean": 0.7909044952536228,
  "r_std": 0.13877879249188319,
  "f_peak_per_step": 0.041210000000000004
}