{
  "K_run": 0.7816249999998938,
  "r_mean": 0.9835839726285796,
  "r_std": 2.6593543774026467e-06,
  "f_peak_per_step": 0.013316666666666668
}