{
  "K_run": 0.24052455240517776,
  "r_mean": 0.9314117523660687,
  "r_std": 0.015166039990769205,
  "f_peak_per_step": 0.031308888888888886
}