{
  "K_run": 0.8514332050692541,
  "r_mean": 0.9778444079895943,
  "r_std": 2.8163721513783795e-06,
  "f_peak_per_step": 0.014133333333333335
}