{
  "K_run": 0.24052455240528034,
  "r_mean": 0.9314099303868741,
  "r_std": 0.015166907509161578,
  "f_peak_per_step": 0.031308888888888886
}