{
  "K_run": 1.8701756823929157,
  "r_mean": 0.48469406574901125,
  "r_std": 0.22770734398022238,
  "f_peak_per_step": 0.04435
}