{
  "K_run": 1.779490447941086,
  "r_mean": 0.487728302323097,
  "r_std": 0.2306974554544561,
  "f_peak_per_step": 0.00075
}