{
  "K_run": 1.5334595612187567,
  "r_mean": 0.5177212909021099,
  "r_std": 0.24626669474851998,
  "f_peak_per_step": 3.0000000000000004e-05
}