{
  "K_run": 0.7721661271136203,
  "r_mean": 0.9861160905437595,
  "r_std": 6.915525531820656e-05,
  "f_peak_per_step": 0.013275
}