{
  "K_run": 0.2405245524051884,
  "r_mean": 0.9313971153001275,
  "r_std": 0.015173449363121797,
  "f_peak_per_step": 0.031308888888888886
}