{
  "K_run": 1.1120345554454545,
  "r_mean": 0.4998935149110629,
  "r_std": 0.22275805246489486,
  "f_peak_per_step": 0.00025
}