{
  "pair1": 1,
  "K1": 0.3842275725117932,
  "pair2": 3,
  "K2": 0.7500000000000133,
  "dK": 0.36577242748822014
}