{
  "K_run": 0.7724063997172127,
  "r_mean": 0.9861084493405857,
  "r_std": 6.916289188260709e-05,
  "f_peak_per_step": 0.013275
}