{
  "K_run": 0.806476060751873,
  "r_mean": 0.9815104135365419,
  "r_std": 2.73543896496238e-06,
  "f_peak_per_step": 0.013516666666666668
}