{
  "K_run": 0.9605949999998096,
  "r_mean": 0.9689844731016303,
  "r_std": 2.807547566758826e-06,
  "f_peak_per_step": 0.014883333333333333
}