{
  "K_run": 0.24052455240510226,
  "r_mean": 0.9314138280887663,
  "r_std": 0.01516467119811334,
  "f_peak_per_step": 0.031308888888888886
}