{
  "pair1": 1,
  "K1": 0.23138492056891113,
  "pair2": 3,
  "K2": 0.4999999999999961,
  "dK": 0.268615079431085
}