{
  "K_run": 1.8831064044994092,
  "r_mean": 0.4679852368364674,
  "r_std": 0.22700164247957133,
  "f_peak_per_step": 0.04405
}