{
  "K_run": 2.495661071391353,
  "r_mean": 0.48615044433509313,
  "r_std": 0.23224983931254534,
  "f_peak_per_step": 0.014240000000000001
}