{
  "K_run": 0.9254999999997338,
  "r_mean": 0.9717445679234966,
  "r_std": 2.8785734539087702e-06,
  "f_peak_per_step": 0.014833333333333334
}