{
  "K_run": 1.19569498288567,
  "r_mean": 0.662782465053788,
  "r_std": 0.1733372933448431,
  "f_peak_per_step": 0.05965
}