{
  "K_run": 1.0971899021973848,
  "r_mean": 0.9310431954424514,
  "r_std": 0.015379124980448498,
  "f_peak_per_step": 0.031312
}