{
  "K_run": 0.8168977228797922,
  "r_mean": 0.9809451562879768,
  "r_std": 2.6550385510475823e-06,
  "f_peak_per_step": 0.013900000000000001
}