{
  "K_run": 0.7719793723688696,
  "r_mean": 0.9861210976579747,
  "r_std": 6.718645763761624e-05,
  "f_peak_per_step": 0.013250000000000001
}