{
  "K_run": 0.1426521185477226,
  "r_mean": 0.7836808211415961,
  "r_std": 0.1444289023703065,
  "f_peak_per_step": 0.0395
}