{
  "K_run": 0.24052455240521556,
  "r_mean": 0.9314107629577315,
  "r_std": 0.015166560615808525,
  "f_peak_per_step": 0.031308888888888886
}