{
  "K_run": 0.8168882262969228,
  "r_mean": 0.9801111584230985,
  "r_std": 3.052331081613287e-06,
  "f_peak_per_step": 0.014083333333333335
}