{
  "K_run": 1.1344363147634036,
  "r_mean": 0.9304604352554405,
  "r_std": 0.015652680108188488,
  "f_peak_per_step": 0.031324
}