{
  "K_run": 1.1000499999998274,
  "r_mean": 0.6631541002713042,
  "r_std": 0.17316468195956844,
  "f_peak_per_step": 0.05698
}