{
  "K_run": 0.24052455240519413,
  "r_mean": 0.931406085589095,
  "r_std": 0.015168936866866108,
  "f_peak_per_step": 0.031308888888888886
}