{
  "K_run": 1.595979117023991,
  "r_mean": 0.5485872606108748,
  "r_std": 0.2540747738611156,
  "f_peak_per_step": 0.00017
}