{
  "pair1": 1,
  "K1": 0.2750990822161073,
  "pair2": 3,
  "K2": 0.4999999999999893,
  "dK": 0.224900917783882
}