{
  "K_run": 0.24052455240518553,
  "r_mean": 0.9314127330076017,
  "r_std": 0.015165419852215842,
  "f_peak_per_step": 0.031308888888888886
}