{
  "K_run": 0.9606699999999342,
  "r_mean": 0.9689786655487072,
  "r_std": 2.677936864170633e-06,
  "f_peak_per_step": 0.0148
}