{
  "K_run": 0.8329743072648612,
  "r_mean": 0.9801111593852019,
  "r_std": 2.671627827789247e-06,
  "f_peak_per_step": 0.014033333333333333
}