{
  "K_run": 0.9605913743792343,
  "r_mean": 0.9689856378738385,
  "r_std": 2.8553462774760127e-06,
  "f_peak_per_step": 0.014866666666666667
}