{
  "K_run": 0.8029974999999665,
  "r_mean": 0.9818020005856999,
  "r_std": 2.815258629050936e-06,
  "f_peak_per_step": 0.013783333333333333
}