{
  "K_run": 0.9606453047866668,
  "r_mean": 0.9689821486118055,
  "r_std": 2.7962709061479783e-06,
  "f_peak_per_step": 0.0148
}