{
  "K_run": 0.8053749999999088,
  "r_mean": 0.9816023471380744,
  "r_std": 2.4488792874311304e-06,
  "f_peak_per_step": 0.013516666666666668
}