{
  "K_run": 0.24052405240518715,
  "r_mean": 0.9314188403492943,
  "r_std": 0.015162463570305922,
  "f_peak_per_step": 0.031308888888888886
}