{
  "K_run": 1.097125059041174,
  "r_mean": 0.9310847223549326,
  "r_std": 0.015360020162536129,
  "f_peak_per_step": 0.031312
}