{
  "K_run": 1.6448021697206237,
  "r_mean": 0.8831789450357632,
  "r_std": 0.07988424028791954,
  "f_peak_per_step": 0.050162500000000006
}