{
  "K_run": 0.8094999999997585,
  "r_mean": 0.9812589547124453,
  "r_std": 2.769979677443175e-06,
  "f_peak_per_step": 0.013816666666666668
}