{
  "K_run": 0.8182499999998665,
  "r_mean": 0.9805285549687993,
  "r_std": 2.680224769986338e-06,
  "f_peak_per_step": 0.013850000000000001
}