{
  "K_run": 1.0970818247837835,
  "r_mean": 0.6525720609722687,
  "r_std": 0.17342945572815746,
  "f_peak_per_step": 0.060028
}