{
  "K_run": 1.0893490135015327,
  "r_mean": 0.9315049554579958,
  "r_std": 0.01513025406591718,
  "f_peak_per_step": 0.031307999999999996
}