{
  "K_run": 0.24052455240520035,
  "r_mean": 0.9314014943895603,
  "r_std": 0.01517087204731178,
  "f_peak_per_step": 0.031308888888888886
}