{
  "K_run": 0.13491012113174725,
  "r_mean": 0.8107616285643177,
  "r_std": 0.12203925158690362,
  "f_peak_per_step": 0.04247
}