{
  "K_run": 0.7889324389140405,
  "r_mean": 0.9835823936586506,
  "r_std": 3.467656130219204e-06,
  "f_peak_per_step": 0.013366666666666667
}