{
  "K_run": 0.9900936816088814,
  "r_mean": 0.9428950523821173,
  "r_std": 6.234191022356193e-13,
  "f_peak_per_step": 0.025900000000000003
}