{
  "K_run": 0.24052455240521511,
  "r_mean": 0.9314026504303825,
  "r_std": 0.015170540050015507,
  "f_peak_per_step": 0.031308888888888886
}