{
  "K_run": 2.5351324999989013,
  "r_mean": 0.6506046374823229,
  "r_std": 0.17272039611693768,
  "f_peak_per_step": 0.06280833333333334
}