{
  "K_run": 0.8232499999998271,
  "r_mean": 0.9801111616122896,
  "r_std": 2.9834314678062856e-06,
  "f_peak_per_step": 0.01395
}