{
  "K_run": 3.0986183327617263,
  "r_mean": 0.5952057455480166,
  "r_std": 0.19343409036668668,
  "f_peak_per_step": 0.0016
}