{
  "K_run": 0.7816249999997308,
  "r_mean": 0.9835835442956531,
  "r_std": 3.1871974112341485e-06,
  "f_peak_per_step": 0.013333333333333334
}