{
  "K_run": 0.7816249999998611,
  "r_mean": 0.9835835720131433,
  "r_std": 3.5000328992126874e-06,
  "f_peak_per_step": 0.013300000000000001
}