{
  "K_run": 0.8082724577133387,
  "r_mean": 0.9813841727629137,
  "r_std": 2.8555654107701375e-06,
  "f_peak_per_step": 0.013833333333333335
}