{
  "K_run": 2.0400852439561756,
  "r_mean": 0.4708343914128747,
  "r_std": 0.22898806475664527,
  "f_peak_per_step": 0.041550000000000004
}