{
  "K_run": 0.850499999999826,
  "r_mean": 0.9778461877116871,
  "r_std": 2.9628813371571314e-06,
  "f_peak_per_step": 0.014133333333333335
}