{
  "K_run": 2.127517499999444,
  "r_mean": 0.6502078203313948,
  "r_std": 0.17317207701948098,
  "f_peak_per_step": 0.06398333333333334
}