{
  "K_run": 0.8021293506961147,
  "r_mean": 0.9818746484037773,
  "r_std": 3.3234498461035443e-06,
  "f_peak_per_step": 0.013766666666666667
}