{
  "K_run": 0.9617688654807199,
  "r_mean": 0.9689723145818717,
  "r_std": 2.7355556837453136e-06,
  "f_peak_per_step": 0.015050000000000001
}