{
  "K_run": 1.1344949999997553,
  "r_mean": 0.9304831869042477,
  "r_std": 0.01564154800746248,
  "f_peak_per_step": 0.03132
}