{
  "K_run": 1.7159822551534518,
  "r_mean": 0.5162999252273178,
  "r_std": 0.24559942168978732,
  "f_peak_per_step": 0.04558
}