{
  "K_run": 0.9527252069791028,
  "r_mean": 0.968984593185852,
  "r_std": 2.6693201653889086e-06,
  "f_peak_per_step": 0.01488
}