{
  "K_run": 0.2405250524052681,
  "r_mean": 0.9315306048262709,
  "r_std": 0.015114228575434754,
  "f_peak_per_step": 0.031307999999999996
}