{
  "K_run": 1.4595676349378117,
  "r_mean": 0.6691045125294353,
  "r_std": 0.17397863463133373,
  "f_peak_per_step": 0.06449
}