{
  "K_run": 0.7862263112053,
  "r_mean": 0.983479520745278,
  "r_std": 2.8260003531155425e-06,
  "f_peak_per_step": 0.013483333333333333
}