{
  "K_run": 0.8119999999999652,
  "r_mean": 0.9810502273829778,
  "r_std": 3.1433837761972035e-06,
  "f_peak_per_step": 0.013883333333333334
}