{
  "beta11": {
    "real": 0.0007977128371534357,
    "imag": 0.009634657695934377
  },
  "beta12": {
    "real": -0.019716165757528128,
    "imag": 0.0036329584726186724
  },
  "beta21": {
    "real": 0.0014710930783010758,
    "imag": 0.010307418736431487
  },
  "beta22": {
    "real": 0.004620710257373672,
    "imag": -0.01001066682898094
  },
  "a11": 0.0007977128371534357,
  "a12": -0.019716165757528128,
  "a21": 0.0014710930783010758,
  "a22": 0.004620710257373672,
  "Delta": 3.269031486560985e-05,
  "mu1": 8.692455108077223e-07,
  "mu2": 9.998000821667139e-09,
  "omega1": 0.08859073615754577,
  "omega2": 0.09811614712731477,
  "resid1_rel": 0.9428866480876106,
  "resid2_rel": 0.9381296559168936,
  "s1_star": 0.00012889609374310148,
  "s2_star": -3.887284432457552e-05,
  "A1_star": 0.011353241552222056,
  "A2_star": NaN,
  "z1_abs_mean": 1.5256698442345278,
  "z1_abs_max": 2.8278552547606957,
  "z2_abs_mean": 0.24753683797998363,
  "z2_abs_max": 1.6246277579304584
}