{
  "K_run": 0.8514295676889396,
  "r_mean": 0.9778444081236494,
  "r_std": 2.8679717121211102e-06,
  "f_peak_per_step": 0.014133333333333335
}