{
  "K_run": 0.8232499999997824,
  "r_mean": 0.980111485349103,
  "r_std": 2.9477408270681626e-06,
  "f_peak_per_step": 0.013983333333333334
}