{
  "K_run": 2.0792564049526043,
  "r_mean": 0.5052049106431727,
  "r_std": 0.2405936745714651,
  "f_peak_per_step": 0.046380000000000005
}