{
  "K_run": 0.806482095555274,
  "r_mean": 0.9815104121651194,
  "r_std": 2.8068004294695253e-06,
  "f_peak_per_step": 0.013550000000000001
}