{
  "K_run": 0.7716249999998642,
  "r_mean": 0.9844142111852106,
  "r_std": 2.8411806308550635e-06,
  "f_peak_per_step": 0.013233333333333335
}