{
  "K_run": 0.7920353765406697,
  "r_mean": 0.9827402466598956,
  "r_std": 3.673865328582204e-06,
  "f_peak_per_step": 0.013566666666666668
}