{
  "K_run": 2.7866109087813515,
  "r_mean": 0.6520169314236591,
  "r_std": 0.17156681181029726,
  "f_peak_per_step": 0.06205
}