{
  "config_path": "./configs/k4_quat_baseline.yaml",
  "K_run": 0.24052455240517642,
  "T": 200000,
  "burn": 100000,
  "subsample": 100,
  "triad_phi": 2.0948,
  "r_mean": 0.9314172400189229,
  "r_std": 0.015163725073305585,
  "F_faces_analytic": [
    -2.0948,
    0.0,
    0.0,
    -2.0948
  ],
  "phi_edges_analytic": [
    -0.5237000000000002,
    0.5237,
    5.814237979961945e-17,
    -1.0474000000000006,
    0.5237000000000003,
    -0.5237000000000004
  ],
  "gauge_energy_analytic": 2.1940935200000022,
  "B": [
    [
      1.0,
      -1.0,
      0.0,
      1.0,
      0.0,
      0.0
    ],
    [
      1.0,
      0.0,
      -1.0,
      0.0,
      1.0,
      0.0
    ],
    [
      0.0,
      1.0,
      -1.0,
      0.0,
      0.0,
      1.0
    ],
    [
      0.0,
      0.0,
      0.0,
      1.0,
      -1.0,
      1.0
    ]
  ],
  "B_phi_analytic": [
    -2.0948000000000007,
    5.28799226628962e-17,
    -3.912092871871664e-16,
    -2.094800000000001
  ],
  "B_residual_analytic": [
    -4.440892098500626e-16,
    5.28799226628962e-17,
    -3.912092871871664e-16,
    -8.881784197001252e-16
  ],
  "analytic_gaps": {
    "0": {
      "F": -2.0948,
      "cos_half": 0.499824663948106,
      "tr_half": 0.4998246639481057,
      "gap": -2.7755575615628914e-16,
      "abs_gap": 2.7755575615628914e-16
    },
    "1": {
      "F": 0.0,
      "cos_half": 1.0,
      "tr_half": 1.0,
      "gap": 0.0,
      "abs_gap": 0.0
    },
    "2": {
      "F": 0.0,
      "cos_half": 1.0,
      "tr_half": 1.0,
      "gap": 0.0,
      "abs_gap": 0.0
    },
    "3": {
      "F": -2.0948,
      "cos_half": 0.499824663948106,
      "tr_half": 0.4998246639481056,
      "gap": -3.885780586188048e-16,
      "abs_gap": 3.885780586188048e-16
    }
  },
  "dynamic_flux_stats": {
    "0": {
      "mean_F": 0.0,
      "std_F": 0.0
    },
    "1": {
      "mean_F": 0.0,
      "std_F": 0.0
    },
    "2": {
      "mean_F": 0.0,
      "std_F": 0.0
    },
    "3": {
      "mean_F": 0.0,
      "std_F": 0.0
    }
  },
  "dynamic_gap_stats": {
    "0": {
      "mean_abs_gap": 0.5001753360518943,
      "std_abs_gap": 0.0
    },
    "1": {
      "mean_abs_gap": 0.0,
      "std_abs_gap": 0.0
    },
    "2": {
      "mean_abs_gap": 0.0,
      "std_abs_gap": 0.0
    },
    "3": {
      "mean_abs_gap": 0.5001753360518943,
      "std_abs_gap": 0.0
    }
  }
}