{
  "K_run": 2.492212443196451,
  "r_mean": 0.48491409368569693,
  "r_std": 0.23152884478299468,
  "f_peak_per_step": 0.01378
}