{
  "K_run": 0.850499999999941,
  "r_mean": 0.9778464304729723,
  "r_std": 3.292292975394123e-06,
  "f_peak_per_step": 0.014216666666666667
}