{
  "K_run": 1.0971358669193034,
  "r_mean": 0.9310776213399579,
  "r_std": 0.015363442689672156,
  "f_peak_per_step": 0.031312
}