{
  "K_run": 0.8232499999999745,
  "r_mean": 0.9801113790819598,
  "r_std": 2.876864082329482e-06,
  "f_peak_per_step": 0.013983333333333334
}