{
  "K_run": 1.4708434999987368,
  "r_mean": 0.5399514942848085,
  "r_std": 0.2511288077312811,
  "f_peak_per_step": 0.00027
}