{
  "K_run": 0.803999999999977,
  "r_mean": 0.9817182920760036,
  "r_std": 2.7163280718067934e-06,
  "f_peak_per_step": 0.013800000000000002
}