{
  "K_run": 0.8182500000000119,
  "r_mean": 0.9805284464976841,
  "r_std": 3.600165303395939e-06,
  "f_peak_per_step": 0.013850000000000001
}