{
  "K_run": 1.569749999999933,
  "r_mean": 0.47434394775197314,
  "r_std": 0.003079336493000813,
  "f_peak_per_step": 0.0564375
}