{
  "K_run": 3.4733566436545544,
  "r_mean": 0.8467652115440042,
  "r_std": 0.12625217940813818,
  "f_peak_per_step": 0.0245
}