{
  "K_run": 1.1345281584138658,
  "r_mean": 0.9307922486384929,
  "r_std": 0.015530643261462043,
  "f_peak_per_step": 0.03132
}