{
  "K_run": 1.7776409708138556,
  "r_mean": 0.5098387598730677,
  "r_std": 0.24104643243768958,
  "f_peak_per_step": 0.04905
}