{
  "K_run": 0.24052455240519097,
  "r_mean": 0.9313949611500334,
  "r_std": 0.01517427134335744,
  "f_peak_per_step": 0.031308888888888886
}