{
  "K_run": 0.9606713149122224,
  "r_mean": 0.968978662484511,
  "r_std": 2.5002437274458766e-06,
  "f_peak_per_step": 0.0149
}