{
  "K_run": 1.1574499428750327,
  "r_mean": 0.7611618326862503,
  "r_std": 0.12728343836398454,
  "f_peak_per_step": 0.013600000000000001
}