{
  "K_run": 2.7866109087813515,
  "r_mean": 0.6579068229271401,
  "r_std": 0.17186094650370565,
  "f_peak_per_step": 0.059833333333333336
}