{
  "K_run": 1.7242463125371172,
  "r_mean": 0.5094185612034503,
  "r_std": 0.24238916371885513,
  "f_peak_per_step": 0.014470000000000002
}