{
  "K_run": 0.18771682827160496,
  "r_mean": 0.6262257113097617,
  "r_std": 0.2306434302587563,
  "f_peak_per_step": 0.0027300000000000002
}