{
  "K_run": 1.1349369551596256,
  "r_mean": 0.9303420895194382,
  "r_std": 0.015721136186566582,
  "f_peak_per_step": 0.03132
}