{
  "K_run": 3.226843163151078,
  "r_mean": 0.6687434971084657,
  "r_std": 0.16957733677398584,
  "f_peak_per_step": 0.05635833333333334
}