{
  "K_run": 1.9266048397756577,
  "r_mean": 0.4779210721763626,
  "r_std": 0.22567345957807727,
  "f_peak_per_step": 0.0005
}