{
  "K_run": 0.24052455240521345,
  "r_mean": 0.931405188516496,
  "r_std": 0.015169193650066935,
  "f_peak_per_step": 0.031308888888888886
}