{
  "K_run": 0.9629999999998822,
  "r_mean": 0.9687989066470649,
  "r_std": 2.6944748046527815e-06,
  "f_peak_per_step": 0.015050000000000001
}