{
  "K_run": 0.24052455240516027,
  "r_mean": 0.6523416639883,
  "r_std": 0.17343199692949432,
  "f_peak_per_step": 0.06000888888888888
}