{
  "K_run": 15.012891425945636,
  "r_mean": 0.5606007806913179,
  "r_std": 0.1425814820764672,
  "f_peak_per_step": 0.09174
}