{
  "K_run": 0.8157499999999653,
  "r_mean": 0.9807370836516441,
  "r_std": 2.6933228686642225e-06,
  "f_peak_per_step": 0.013850000000000001
}