{
  "K_run": 1.5152455406268681,
  "r_mean": 0.5400576634476879,
  "r_std": 0.25380182808042395,
  "f_peak_per_step": 8e-05
}