{
  "K_run": 0.8504999999998524,
  "r_mean": 0.9778445725565656,
  "r_std": 3.0113368317543317e-06,
  "f_peak_per_step": 0.01425
}