{
  "K_run": 0.7819924099864012,
  "r_mean": 0.9835835326438365,
  "r_std": 2.7426406797311526e-06,
  "f_peak_per_step": 0.013300000000000001
}