{
  "K_run": 0.8232499999998271,
  "r_mean": 0.9801111609661669,
  "r_std": 2.6006789780842346e-07,
  "f_peak_per_step": 0.013916666666666667
}