{
  "K_run": 0.9605936811535716,
  "r_mean": 0.9689845921014576,
  "r_std": 2.8328663031919985e-06,
  "f_peak_per_step": 0.014883333333333333
}