{
  "K_run": 1.0977897702107937,
  "r_mean": 0.6525454595151045,
  "r_std": 0.17343120901995665,
  "f_peak_per_step": 0.060067999999999996
}