{
  "K_run": 2.454573301141678,
  "r_mean": 0.4986982481220988,
  "r_std": 0.2359255448194006,
  "f_peak_per_step": 0.013430000000000001
}