{
  "K_run": 1.7797490021180697,
  "r_mean": 0.5080006733235637,
  "r_std": 0.23856331045228643,
  "f_peak_per_step": 0.047400000000000005
}