{
  "K_run": 1.2225506489446856,
  "r_mean": 0.5009251208686333,
  "r_std": 0.22710881688616322,
  "f_peak_per_step": 0.07690000000000001
}