{
  "K_run": 3.0084092405987133,
  "r_mean": 0.9038901556842238,
  "r_std": 0.044640694973618326,
  "f_peak_per_step": 0.05499166666666667
}