{
  "K_run": 0.7698064914826512,
  "r_mean": 0.9861536953991862,
  "r_std": 6.768257842766142e-06,
  "f_peak_per_step": 0.015916666666666666
}