{
  "K_run": 1.1344945540164042,
  "r_mean": 0.9304841128492104,
  "r_std": 0.015641047558317914,
  "f_peak_per_step": 0.03132
}