{
  "K_run": 1.1345281584138658,
  "r_mean": 0.9307952654312953,
  "r_std": 0.015529138353555471,
  "f_peak_per_step": 0.03132
}