{
  "K_run": 1.1000500000000522,
  "r_mean": 0.7506994154200112,
  "r_std": 0.12979780088553616,
  "f_peak_per_step": 0.01365
}