{
  "K_run": 1.0981314905287893,
  "r_mean": 0.9304593885712965,
  "r_std": 0.015653942595962374,
  "f_peak_per_step": 0.031316
}