{
  "K_run": 0.8021499999998257,
  "r_mean": 0.9818727734756256,
  "r_std": 3.2500183494475927e-06,
  "f_peak_per_step": 0.013800000000000002
}