{
  "K_run": 0.9606179072729091,
  "r_mean": 0.9689860231395666,
  "r_std": 2.857486058705556e-06,
  "f_peak_per_step": 0.014916666666666667
}