{
  "K_run": 0.9605093547922556,
  "r_mean": 0.9689918292293654,
  "r_std": 2.7779245362080006e-06,
  "f_peak_per_step": 0.0149
}