{
  "K_run": 1.6983718366718834,
  "r_mean": 0.5069163946792755,
  "r_std": 0.24153019021374683,
  "f_peak_per_step": 0.04682
}