{
  "K_run": 1.1342867151630303,
  "r_mean": 0.930476063302509,
  "r_std": 0.015645410939626556,
  "f_peak_per_step": 0.031324
}