{
  "K_run": 0.9605836409595714,
  "r_mean": 0.9689858346246808,
  "r_std": 2.588150234540708e-06,
  "f_peak_per_step": 0.014950000000000001
}