{
  "K_run": 1.6896328333745803,
  "r_mean": 0.5121146912919305,
  "r_std": 0.2442677703449624,
  "f_peak_per_step": 0.01416
}