{
  "K_run": 0.24052505240517544,
  "r_mean": 0.931508727901888,
  "r_std": 0.015128108195496192,
  "f_peak_per_step": 0.031307999999999996
}