{
  "K_run": 0.8122224999998087,
  "r_mean": 0.981031598359973,
  "r_std": 2.8766626640249083e-06,
  "f_peak_per_step": 0.013866666666666668
}