{
  "K_run": 0.24052455240519202,
  "r_mean": 0.9314178704409962,
  "r_std": 0.015162979423600903,
  "f_peak_per_step": 0.031308888888888886
}