{
  "K_run": 1.1341828237960796,
  "r_mean": 0.9304725233109647,
  "r_std": 0.015647306044439868,
  "f_peak_per_step": 0.031324
}