{
  "K_run": 0.6182046005590168,
  "r_mean": 0.5137942709218163,
  "r_std": 0.2133465692520177,
  "f_peak_per_step": 5e-05
}