{
  "K_run": 0.9629999999998027,
  "r_mean": 0.9687985113527352,
  "r_std": 2.684803713297886e-06,
  "f_peak_per_step": 0.0149
}