{
  "K_run": 1.2074698283675194,
  "r_mean": 0.7648443599408344,
  "r_std": 0.12664352184559302,
  "f_peak_per_step": 0.013920000000000002
}