{
  "K_run": 1.4605253791838464,
  "r_mean": 0.6596593679073723,
  "r_std": 0.1747016027890117,
  "f_peak_per_step": 0.06278
}