{
  "K_run": 1.131887659585251,
  "r_mean": 0.9304608165569975,
  "r_std": 0.01565233358194991,
  "f_peak_per_step": 0.031316
}