{
  "K_run": 0.7986507027021793,
  "r_mean": 0.982323294597476,
  "r_std": 2.942014312408827e-06,
  "f_peak_per_step": 0.013733333333333334
}