{
  "K_run": 2.557132499999141,
  "r_mean": 0.6394887081608495,
  "r_std": 0.17258544258611905,
  "f_peak_per_step": 0.06588333333333334
}