{
  "K_run": 1.1202087293546161,
  "r_mean": 0.4898170904897964,
  "r_std": 0.2327254986947534,
  "f_peak_per_step": 0.0008
}