{
  "K_run": 0.9605931330880988,
  "r_mean": 0.9689846739270513,
  "r_std": 2.852507760466234e-06,
  "f_peak_per_step": 0.014983333333333335
}