{
  "K_run": 1.2015629935893253,
  "r_mean": 0.6583999510396319,
  "r_std": 0.17339579523238188,
  "f_peak_per_step": 0.06053000000000001
}