{
  "K_run": 0.7727068569241845,
  "r_mean": 0.9860957499483931,
  "r_std": 7.685938963928814e-05,
  "f_peak_per_step": 0.013275
}