{
  "K_run": 1.8990170474973405,
  "r_mean": 0.4669293297765577,
  "r_std": 0.22923122573632373,
  "f_peak_per_step": 0.04435
}