{
  "K_run": 0.8504999999997904,
  "r_mean": 0.9778462974938662,
  "r_std": 2.6833181593704305e-06,
  "f_peak_per_step": 0.014183333333333334
}