{
  "K_run": 0.2405245524051662,
  "r_mean": 0.9314182316244585,
  "r_std": 0.015162753234682674,
  "f_peak_per_step": 0.031308888888888886
}