{
  "K_run": 2.552911250000271,
  "r_mean": 0.6601700426923938,
  "r_std": 0.17195862923091276,
  "f_peak_per_step": 0.059033333333333333
}