{
  "K_run": 1.7995608752722878,
  "r_mean": 0.5017689519461822,
  "r_std": 0.23590442589957705,
  "f_peak_per_step": 0.00012000000000000002
}