{
  "K_run": 3.901587925540229,
  "r_mean": 0.5988856408939869,
  "r_std": 0.1958687255261384,
  "f_peak_per_step": 0.0023125000000000003
}