{
  "K_run": 0.808153994626919,
  "r_mean": 0.9813841956190256,
  "r_std": 2.774305199765289e-06,
  "f_peak_per_step": 0.013833333333333335
}