{
  "K_run": 1.1077563625255626,
  "r_mean": 0.5390014383085262,
  "r_std": 0.22826746662305042,
  "f_peak_per_step": 5e-05
}