{
  "K_run": 0.7497375124997765,
  "r_mean": 0.9861574817176463,
  "r_std": 2.42549402049751e-06,
  "f_peak_per_step": 0.013066666666666667
}