{
  "K_run": 0.8069999999998461,
  "r_mean": 0.9814677511663562,
  "r_std": 2.6839992797647624e-06,
  "f_peak_per_step": 0.013800000000000002
}