{
  "K_run": 1.1000499999996987,
  "r_mean": 0.7340354185569784,
  "r_std": 0.13495759347250785,
  "f_peak_per_step": 0.01344
}