{
  "K_run": 1.1207513086243297,
  "r_mean": 0.9304612148360452,
  "r_std": 0.015652339250978257,
  "f_peak_per_step": 0.03132
}