{
  "K_run": 0.7504874999999558,
  "r_mean": 0.9861574811310081,
  "r_std": 3.1217569735863226e-06,
  "f_peak_per_step": 0.013066666666666667
}