{
  "K_run": 0.9254999999999107,
  "r_mean": 0.9717456945910415,
  "r_std": 3.0377751167461224e-06,
  "f_peak_per_step": 0.014650000000000002
}