{
  "K_run": 3.743514586617881,
  "r_mean": 0.5580046756409323,
  "r_std": 0.20097103844131106,
  "f_peak_per_step": 0.0369
}