{
  "K_run": 0.806476060751873,
  "r_mean": 0.9815104137629863,
  "r_std": 3.0925348880124094e-06,
  "f_peak_per_step": 0.0135
}