{
  "K_run": 2.524499999998709,
  "r_mean": 0.9758453410513368,
  "r_std": 0.0037819763556114464,
  "f_peak_per_step": 0.05519166666666667
}