{
  "K_run": 0.7504874999997231,
  "r_mean": 0.9861574820773311,
  "r_std": 2.6744962734403524e-06,
  "f_peak_per_step": 0.013083333333333334
}