{
  "K_run": 2.0186961859288552,
  "r_mean": 0.4904612597152529,
  "r_std": 0.2259398935100505,
  "f_peak_per_step": 0.00025
}