{
  "K_run": 1.0959658059751611,
  "r_mean": 0.9314922599456416,
  "r_std": 0.015136975014923433,
  "f_peak_per_step": 0.031312
}