{
  "K_run": 1.1329264907302405,
  "r_mean": 0.9304618531443335,
  "r_std": 0.015651892838710203,
  "f_peak_per_step": 0.031316
}