{
  "K_run": 0.2405245524052161,
  "r_mean": 0.6479127615566956,
  "r_std": 0.17334469137238362,
  "f_peak_per_step": 0.06113777777777778
}