{
  "K_run": 0.9600984999999707,
  "r_mean": 0.9689845959416516,
  "r_std": 2.8621088113631285e-06,
  "f_peak_per_step": 0.014820000000000002
}