{
  "K_run": 0.24052455240518436,
  "r_mean": 0.9314209238721025,
  "r_std": 0.015161227388510261,
  "f_peak_per_step": 0.031308888888888886
}