{
  "K_run": 0.8022754650015504,
  "r_mean": 0.9818633743480648,
  "r_std": 2.959151818390764e-06,
  "f_peak_per_step": 0.013783333333333333
}