{
  "K_run": 0.8514325988379068,
  "r_mean": 0.977844408147272,
  "r_std": 2.9072182289336572e-06,
  "f_peak_per_step": 0.014116666666666668
}