{
  "K_run": 0.24052455240525808,
  "r_mean": 0.9314065453293346,
  "r_std": 0.015168672190566085,
  "f_peak_per_step": 0.031308888888888886
}