{
  "K_run": 1.1233431598378796,
  "r_mean": 0.4680218459017387,
  "r_std": 0.22516066333339582,
  "f_peak_per_step": 0.048850000000000005
}