{
  "K_run": 0.9605850108737495,
  "r_mean": 0.968985640371755,
  "r_std": 2.9968997582609592e-06,
  "f_peak_per_step": 0.01485
}