{
  "K_run": 1.1338508164733418,
  "r_mean": 0.930461929743014,
  "r_std": 0.015651849979453278,
  "f_peak_per_step": 0.031316
}