{
  "K_run": 0.24052455240521145,
  "r_mean": 0.7606221502366518,
  "r_std": 0.12743658050550502,
  "f_peak_per_step": 0.013442222222222222
}