{
  "K_run": 2.42050072724609,
  "r_mean": 0.5092313332497128,
  "r_std": 0.24483392298500992,
  "f_peak_per_step": 0.04569
}