{
  "K_run": 0.9605891205951806,
  "r_mean": 0.9689850549061338,
  "r_std": 2.9388051853515905e-06,
  "f_peak_per_step": 0.01485
}