{
  "K_run": 1.2010268597107847,
  "r_mean": 0.7641134084635773,
  "r_std": 0.12666943381383036,
  "f_peak_per_step": 0.013890000000000001
}