{
  "pair1": 1,
  "K1": 0.27509908221611423,
  "pair2": 3,
  "K2": 0.4999999999999961,
  "dK": 0.22490091778388188
}