{
  "pair1": 1,
  "K1": 0.3731206000926521,
  "pair2": 3,
  "K2": 0.8333333333332924,
  "dK": 0.4602127332406403
}