{
  "K_run": 1.1000499999996667,
  "r_mean": 0.6588480822953244,
  "r_std": 0.17307826819170608,
  "f_peak_per_step": 0.058370000000000005
}