{
  "K_run": 0.8232580587253027,
  "r_mean": 0.9801111581167171,
  "r_std": 3.4280777178133517e-06,
  "f_peak_per_step": 0.013916666666666667
}