{
  "K_run": 0.9606700249998736,
  "r_mean": 0.9689786770652334,
  "r_std": 2.7313246633317402e-06,
  "f_peak_per_step": 0.014966666666666668
}