{
  "K_run": 0.7726467551291166,
  "r_mean": 0.9860991615860805,
  "r_std": 7.382932236562081e-05,
  "f_peak_per_step": 0.013275
}