{
  "K_run": 1.184220924719283,
  "r_mean": 0.7613622351345222,
  "r_std": 0.12719195896642266,
  "f_peak_per_step": 0.013760000000000001
}