{
  "K_run": 0.8512477202805844,
  "r_mean": 0.9778444417307637,
  "r_std": 3.08911576220671e-06,
  "f_peak_per_step": 0.014066666666666667
}