{
  "K_run": 0.8232499999997955,
  "r_mean": 0.9801111654776201,
  "r_std": 2.9780213874211243e-06,
  "f_peak_per_step": 0.013916666666666667
}