{
  "K_run": 0.7862519735648428,
  "r_mean": 0.9840923707396027,
  "r_std": 3.1781279478074866e-06,
  "f_peak_per_step": 0.01335
}