{
  "K_run": 0.8004874999998186,
  "r_mean": 0.9820100658566778,
  "r_std": 2.7298230301119883e-06,
  "f_peak_per_step": 0.013516666666666668
}