{
  "K_run": 0.8021311248388832,
  "r_mean": 0.9818744058219497,
  "r_std": 1.587241854379969e-05,
  "f_peak_per_step": 0.013770000000000001
}