{
  "K_run": 0.24052455240519202,
  "r_mean": 0.931417414233591,
  "r_std": 0.015162935533534955,
  "f_peak_per_step": 0.031308888888888886,
  "kstars_path": "figs_k4_quat_explicit_20251125_191126\\k4_kstars.json",
  "Kstars": {
    "pairs": {
      "pair1": {
        "K_star": 0.24047667454800126,
        "rho": 0.999999999999999,
        "angle_rad": 0.08858194640021491,
        "freq_cycles_per_step": 0.014098254638295527
      },
      "pair2": {
        "K_star": 0.24052405240519203,
        "rho": 1.0000000000000004,
        "angle_rad": 0.09811604555482381,
        "freq_cycles_per_step": 0.015615653646679795
      }
    },
    "closest_pair": {
      "pairA": "pair1",
      "pairB": "pair2",
      "deltaK": 4.737785719077792e-05,
      "winding_ratio_lin": 0.9028283386198889
    }
  },
  "winding_lin": 0.9028283386198889,
  "mode_A1_mean": 0.37675273464315256,
  "mode_A2_mean": 0.4088135042491716,
  "mode_A1_std": 0.06358734479022854,
  "mode_A2_std": 0.014624895400930623,
  "mode_f_phi1": 2.222222222222222e-06,
  "mode_f_phi2": 2.222222222222222e-06,
  "omega_peak_freqs": [
    0.015653368118595818,
    0.015653368118595818,
    0.015653368118595818,
    0.015653368118595818
  ],
  "winding_rho_inst": 1.005368557924762,
  "poincare_samples": 7044
}