{
  "K_run": 1.0959633862157838,
  "r_mean": 0.9314929911590085,
  "r_std": 0.01513681161708473,
  "f_peak_per_step": 0.031312
}