{
  "K_run": 0.9606701474998056,
  "r_mean": 0.9689786710354487,
  "r_std": 2.8361168614515985e-06,
  "f_peak_per_step": 0.0148
}