{
  "K_run": 0.8514938305678454,
  "r_mean": 0.9778443979429475,
  "r_std": 2.606033749600695e-06,
  "f_peak_per_step": 0.0142
}