{
  "K_run": 1.5959791170237876,
  "r_mean": 0.511749346770192,
  "r_std": 0.24609304032226406,
  "f_peak_per_step": 0.037970000000000004
}