{
  "K_run": 2.500356937890565,
  "r_mean": 0.4820359833521808,
  "r_std": 0.22898139167165954,
  "f_peak_per_step": 0.01489
}