{
  "K_run": 0.8021874999998779,
  "r_mean": 0.9818696529261667,
  "r_std": 2.757159384627484e-06,
  "f_peak_per_step": 0.013783333333333333
}