{
  "K_run": 0.7719799727863713,
  "r_mean": 0.986122752737432,
  "r_std": 6.69994969026235e-05,
  "f_peak_per_step": 0.013250000000000001
}