{
  "K_run": 0.24052455240523304,
  "r_mean": 0.9314307024918187,
  "r_std": 0.01515646560904472,
  "f_peak_per_step": 0.031308888888888886
}