{
  "K_run": 0.946717957938894,
  "r_mean": 0.9709383882757976,
  "r_std": 2.9585532221416267e-06,
  "f_peak_per_step": 0.014810000000000002
}