{
  "K_run": 0.7504874999999558,
  "r_mean": 0.9861574804663521,
  "r_std": 2.293648648575443e-06,
  "f_peak_per_step": 0.0131
}