{
  "K_run": 0.9900936816076901,
  "r_mean": 0.9428950523821327,
  "r_std": 4.662190443513668e-13,
  "f_peak_r_per_step": 0.027033333333333336,
  "f_peak_phase_per_step": 0.027033333333333336,
  "angle_pred_rad": 0.17607587387465912,
  "f_pred_per_step": 0.028023345686377113
}