{
  "K_run": 1.8558998247848302,
  "r_mean": 0.4653267619150859,
  "r_std": 0.23187699591777874,
  "f_peak_per_step": 0.043750000000000004
}