{
  "K_run": 0.9606701474998056,
  "r_mean": 0.9689786582501342,
  "r_std": 2.8687702212135855e-06,
  "f_peak_per_step": 0.01485
}