{
  "K_run": 0.240524552405206,
  "r_mean": 0.6523536748695985,
  "r_std": 0.17343189627345618,
  "f_peak_per_step": 0.06000666666666666
}