{
  "K_run": 0.24052455240518014,
  "r_mean": 0.652355232137585,
  "r_std": 0.1734318170552531,
  "f_peak_per_step": 0.06000666666666666
}