{
  "K_run": 0.960593499999844,
  "r_mean": 0.9689845944366364,
  "r_std": 2.9872826916784647e-06,
  "f_peak_per_step": 0.014916666666666667
}