{
  "K_run": 2.4433944158128003,
  "r_mean": 0.5102730337140629,
  "r_std": 0.24185015707501537,
  "f_peak_per_step": 0.04771
}