{
  "K_run": 0.8024624999998646,
  "r_mean": 0.9818466842036988,
  "r_std": 2.3841603396744955e-06,
  "f_peak_per_step": 0.013783333333333333
}