{
  "K_run": 1.5893238056973908,
  "r_mean": 0.527424379764437,
  "r_std": 0.2343312833600132,
  "f_peak_per_step": 0.00035
}