{
  "K_run": 1.7168933532831785,
  "r_mean": 0.627186364424609,
  "r_std": 0.0878937343764913,
  "f_peak_per_step": 0.06935000000000001
}