{
  "K_run": 1.5334595612187567,
  "r_mean": 0.5241620355549852,
  "r_std": 0.24831503909031621,
  "f_peak_per_step": 9e-05
}