{
  "K_run": 0.7725866585117099,
  "r_mean": 0.9861030264055196,
  "r_std": 7.152882616322878e-05,
  "f_peak_per_step": 0.013275
}