{
  "K_run": 0.8122749999999448,
  "r_mean": 0.981027217884943,
  "r_std": 3.1590314116501726e-06,
  "f_peak_per_step": 0.013866666666666668
}