{
  "K_run": 1.77545527491837,
  "r_mean": 0.5067869897384419,
  "r_std": 0.24033002416923235,
  "f_peak_per_step": 0.05192
}